storenum;OPENDATE;date_super;conversion;st;county;STREETADDR;STRCITY;STRSTATE;ZIPCODE;type_store
1;07.01.1962;03.01.1997;1;5;7;2110 WEST WALNUT;Rogers;AR;72756;Supercenter
2;08.01.1964;03.01.1996;1;5;9;1417 HWY 62/65 N;Harrison;AR;72601;Supercenter
3;04.12.1988;03.01.2000;1;13;11;30983 HWY 441 SOUTH;Commerce;GA;30529;Supercenter
4;08.01.1965;03.01.2002;1;5;7;2901 HWY 412 EAST;Siloam Springs;AR;72761;Supercenter
5;05.01.1972;03.01.1994;1;5;45;1155 HWY 65 NORTH;Conway;AR;72032;Supercenter
7;10.01.1967;;;5;119;3801 CAMP ROBINSON RD.;North Little Rock;AR;72118;Wal-Mart
8;10.01.1967;03.01.1993;1;5;29;1621 NORTH BUSINESS 9;Morrilton;AR;72110;Supercenter
9;03.01.1968;03.01.2000;1;29;143;1303 SOUTH MAIN;Sikeston;MO;63801;Supercenter
10;07.01.1968;03.01.1998;1;40;21;2020 SOUTH MUSKOGEE;Tahlequah;OK;74464;Supercenter
11;03.01.1968;2/20/2002 ;1;5;5;65 WAL-MART DRIVE;Mountain Home;AR;72653;Supercenter
12;07.01.1968;03.01.1994;1;40;131;1500 LYNN RIGGS BLVD;Claremore;OK;74017;Supercenter
13;11.01.1968;03.01.1996;1;29;97;2705 GRAND AVE;Carthage;MO;64836;Supercenter
14;04.01.1969;03.01.1999;1;29;105;1800 S JEFFERSON;Lebanon;MO;65536;Supercenter
15;05.01.1969;03.01.1995;1;29;91;1310 PREACHER RD/HGWY 160;West Plains;MO;65775;Supercenter
16;04.01.1969;03.01.2000;1;5;33;2214 FAYETTEVILLE RD;Van Buren;AR;72956;Supercenter
17;05.01.1969;03.01.1993;1;29;145;3200 LUSK DRIVE;Neosho;MO;64850;Supercenter
18;11.01.1969;;;5;67;2500 MALCOLM ST/HWY 67 NORTH;Newport;AR;72112;Wal-Mart
19;04.03.1990;04.03.1990;0;29;23;333 S WESTWOOD;Poplar Bluff;MO;63901;Supercenter
20;10.01.1970;03.01.1999;1;29;83;1712 EAST OHIO;Clinton;MO;64735;Supercenter
21;03.01.1970;8/22/2001 ;1;29;169;185 ST ROBERT BLVD;St. Robert;MO;65584;Supercenter
22;10.01.1970;5/18/2005 ;1;40;97;4901 SO. MILL ROAD;Pryor;OK;74361;Supercenter
23;11.01.1970;03.01.1994;1;22;61;1201 N SERVICE ROAD EAST;Ruston;LA;71270;Supercenter
24;04.01.1971;03.01.1999;1;5;119;2000 JOHN HARDEN DR;Jacksonville;AR;72076;Supercenter
25;02.01.1971;5/18/2005 ;1;29;7;4820 SO. CLARK ST;Mexico;MO;65265;Supercenter
26;11.01.1970;;;20;103;3450 S. 4TH TRAFFICWAY;Leavenworth;KS;66048;Wal-Mart
27;02.01.1971;03.01.1999;1;29;65;1101 HWY 32 WEST;Salem;MO;65560;Supercenter
28;05.01.1971;03.01.2002;1;40;115;2415 N.W. MAIN ST;Miami;OK;74354;Supercenter
29;08.01.1971;03.01.1989;1;29;51;724 STADIUM WEST BLVD;Jefferson City;MO;65109;Supercenter
30;11.01.1971;5/18/2005 ;1;29;207;2025 BUS. HWY 60 WEST;Dexter;MO;63841;Supercenter
31;06.01.1971;03.01.1995;1;40;79;3108 N BROADWAY;Poteau;OK;74953;Supercenter
32;06.01.1971;;;29;213;2050 WEST HWY 76;Branson;MO;65616;Wal-Mart
33;06.01.1971;9/17/2003 ;1;5;61;1710 SO. 4TH ST;Nashville;AR;71852;Supercenter
34;11.01.1971;5/21/2003 ;1;29;217;2250 LINCOLN AVENUE;Nevada;MO;64772;Supercenter
35;10.01.1971;3/17/2004 ;1;20;161;101 EAST BLUEMONT AVENUE;Manhattan;KS;66502;Supercenter
36;11.01.1971;03.01.1996;1;5;55;2802 WEST KINGS HIGHWAY;Paragould;AR;72450;Supercenter
37;09.01.1971;03.01.1989;1;29;187;701 WALTON DRIVE;Farmington;MO;63640;Supercenter
38;12.09.1971;3/17/2004 ;1;40;89;1907 SE WASHINGTON ST.;Idabel;OK;74745;Supercenter
39;03.01.1972;;;20;11;2400 SOUTH MAIN;Fort Scott;KS;66701;Wal-Mart
40;11.01.1971;03.01.1995;1;29;175;1301 HWY 24 EAST;Moberly;MO;65270;Supercenter
41;05.01.1972;03.01.1994;1;40;147;4000 GREEN COUNTRY RD;Bartlesville;OK;74006;Supercenter
42;02.01.1973;;;20;125;1705 WEST 11TH STREET;Coffeyville;KS;67337;Wal-Mart
43;05.01.1972;03.01.2000;1;20;61;521 EAST CHESTNUT ST;Junction City;KS;66441;Supercenter
44;02.01.1972;;;29;131;1802 SOUTH BUSINESS HWY 54;Eldon;MO;65026;Wal-Mart
45;08.01.1972;03.01.1994;1;5;31;1815 EAST HIGHLAND DRIVE;Jonesboro;AR;72401;Supercenter
46;08.01.1972;03.01.1999;1;29;167;2451 S. SPRINGFIELD;Bolivar;MO;65613;Supercenter
47;07.01.1972;3/14/2001 ;1;40;135;1101 WEST RUTH AVE;Sallisaw;OK;74955;Supercenter
48;11.01.1972;03.01.1999;1;29;9;885 HIGHWAY 60;Monett;MO;65708;Supercenter
49;10.01.1972;03.01.2002;1;40;23;1911 E.JACKSON ST.;Hugo;OK;74743;Supercenter
50;09.01.1973;1/22/2003 ;1;40;35;268 SO. 7TH ST.;Vinita;OK;74301;Supercenter
51;05.01.1973;03.01.1998;1;29;27;1701 NORTH BLUFF STREET;Fulton;MO;65251;Supercenter
52;07.01.1972;03.01.2000;1;5;51;1601 ALBERT PIKE BLV;Hot Springs;AR;71913;Supercenter
54;06.01.1972;03.01.1992;1;5;143;2004 SOUTH PLEASANT;Springdale;AR;72764;Supercenter
55;10.01.1972;;;5;83;1555 EAST MAIN;Booneville;AR;72927;Wal-Mart
56;08.01.1973;3/17/2004 ;1;29;67;1309 NW 12TH AVE;Ava;MO;65608;Supercenter
57;10.01.1972;;;5;75;1600 WEST MAIN;Walnut Ridge;AR;72476;Wal-Mart
58;05.01.1973;10/26/2005 ;1;5;115;2409 EAST MAIN STREET;Russellville;AR;72802;Supercenter
59;05.01.1972;03.01.1996;1;29;97;1501 SOUTH RANGELINE ROAD;Joplin;MO;64804;Supercenter
60;03.01.1975;03.01.1996;1;29;113;101 HWY 47 EAST;Troy;MO;63379;Supercenter
61;11.01.1972;03.01.1993;1;29;101;301 E. COOPER AVENUE;Warrensburg;MO;64093;Supercenter
62;11.01.1972;03.01.1999;1;5;93;3700 EAST HWY 18;Blytheville;AR;72315;Supercenter
63;09.01.1973;03.01.1988;1;40;145;410 SOUTH DEWEY;Wagoner;OK;74467;Supercenter
64;02.01.1973;;;47;75;100 SOUTH DUPREE;Brownsville;TN;38012;Wal-Mart
65;07.03.1973;03.01.1994;1;29;71;350 PARKRIDGE ROAD;Sullivan;MO;63080;Supercenter
66;08.01.1973;7/17/2002 ;1;5;71;1230 MARKET STREET;Clarksville;AR;72830;Supercenter
67;07.01.1973;03.01.1995;1;5;113;600 HWY 71 NORTH;Mena;AR;71953;Supercenter
68;08.01.1973;8/20/2003 ;1;5;37;800 HWY 64 EAST;Wynne;AR;72396;Supercenter
69;12.01.1973;03.01.1993;1;29;99;650 SOUTH TRUMAN BLVD;Festus;MO;63028;Supercenter
70;07.01.1974;03.01.1997;1;5;35;798 WEST SERVICE ROAD;West Memphis;AR;72301;Supercenter
71;11.01.1973;03.01.1994;1;5;121;1415 HWY 67 SOUTH;Pocahontas;AR;72455;Supercenter
72;01.01.1974;03.01.1994;1;20;37;2710 N BROADWAY;Pittsburg;KS;66762;Supercenter
73;10.01.1974;03.01.1999;1;40;37;1002 WEST TAFT;Sapulpa;OK;74066;Supercenter
74;11.01.1973;;;5;93;1051 WEST KEISER AVENUE;Osceola;AR;72370;Wal-Mart
75;11/13/1984 ;03.01.1998;1;22;79;3636 MONROE HIGHWAY;Pineville;LA;71360;Supercenter
76;11.01.1973;03.01.1993;1;5;15;1000 WEST TRIMBLE;Berryville;AR;72616;Supercenter
77;10/30/1979 ;7/21/2004 ;1;48;491;3701 NORTH MAIN ST.;Taylor;TX;76574;Supercenter
78;09.01.1973;;;29;225;1331 SPUR DR/ BUS. RT US HWY66;Marshfield;MO;65706;Wal-Mart
79;04.01.1974;03.01.1999;1;29;97;2623 WEST 7TH STREET;Joplin;MO;64801;Supercenter
80;06.01.1973;;;29;19;401 N STADIUM BL/BISCAYNE MALL;Columbia;MO;65201;Wal-Mart
81;06.01.1973;10/26/2005 ;1;40;1;ROUTE 6 BOX 1895;Stilwell;OK;74960;Supercenter
82;04.01.1974;03.01.1998;1;29;157;1750 S. PERRYVILLE;Perryville;MO;63775;Supercenter
83;08.01.1974;8/20/2003 ;1;5;27;60 79-BYPASS NORTH;Magnolia;AR;71753;Supercenter
84;05.01.1974;;;5;95;PINECREST PLAZA SHOPPING CTR;Brinkley;AR;72021;Wal-Mart
85;04.01.1974;03.01.1996;1;5;125;17309 I-30;Benton;AR;72015;Supercenter
86;12.01.1973;03.01.1994;1;29;77;2825 N KANSAS EXPRESSWAY;Springfield;MO;65803;Supercenter
87;07.01.1974;03.01.1999;1;22;119;1379 HOMER ROAD;Minden;LA;71055;Supercenter
88;02.01.1974;03.01.1994;1;29;229;2100 NORTH MAIN;Mt. Grove;MO;65711;Supercenter
89;02.01.1974;4/13/2005 ;1;29;29;94 CECIL STREET;Camdenton;MO;65020;Supercenter
90;04.01.1974;03.01.1995;1;40;41;2115 S MAIN ST;Grove;OK;74344;Supercenter
91;09.01.1974;03.01.1994;1;5;123;205 DEADRICK ROAD;Forrest City;AR;72335;Supercenter
92;04.01.1974;;;29;109;3020 SOUTH ELLIOTT;Aurora;MO;65605;Wal-Mart
93;10.01.1974;;;47;167;975 US HIGHWAY 51 NORTH;Covington;TN;38019;Wal-Mart
94;07.01.1974;03.01.1997;1;47;157;8445 HWY 51 NORTH;Millington;TN;38053;Supercenter
95;10.01.1974;5/21/2003 ;1;29;187;407 NO. STATE ST;Desloge;MO;63601;Supercenter
96;10.01.1974;03.01.1994;1;29;37;1700 NORTH 291 HIGHWAY;Harrisonville;MO;64701;Supercenter
97;11.01.1974;03.01.1994;1;47;97;628 HWY 51 BYPASS;Ripley;TN;38063;Supercenter
98;02.01.1975;;;22;67;2030 EAST MADISON;Bastrop;LA;71220;Wal-Mart
99;02.01.1976;03.01.1995;1;29;71;1445 E CENTRAL;Union;MO;63084;Supercenter
100;10.01.1974;03.01.1992;1;5;7;406 SOUTH WALTON BLVD;Bentonville;AR;72712;Supercenter
101;02.01.1976;03.01.1994;1;29;161;500 SOUTH BISHOP;Rolla;MO;65401;Supercenter
102;09.01.1974;03.01.1995;1;5;1;406 E 22ND STREET;Stuttgart;AR;72160;Supercenter
103;08.01.1975;8/25/2004 ;1;40;125;196 SHAWNEE MALL DRIVE;Shawnee;OK;74804;Supercenter
104;07.01.1974;;;47;53;15427 SO. FIRST STREET;Milan;TN;38358;Wal-Mart
105;08.01.1974;03.01.1994;1;28;3;2301 HARPER ROAD;Corinth;MS;38834;Supercenter
106;08.01.1974;10/20/2004 ;1;21;75;1405 MIDDLE ROAD;Fulton;KY;42041;Supercenter
107;10.01.1974;;;47;183;850 WAL-MART DRIVE;Martin;TN;38237;Wal-Mart
108;02.01.1975;;;40;83;1618 SOUTH DIVISION;Guthrie;OK;73044;Wal-Mart
109;02.01.1975;03.01.1995;1;29;63;2000 NORTH WALNUT;Cameron;MO;64429;Supercenter
111;11.01.1975;6/25/2003 ;1;20;133;2700 SOUTH SANTA FE;Chanute;KS;66720;Supercenter
112;04.01.1975;03.01.2002;1;28;105;1010 HWY 12 WEST;Starkville;MS;39759;Supercenter
113;07.01.1975;1/27/2006 ;1;40;51;2001 SO. 1ST ST.;Chickasha;OK;73018;Supercenter
114;04.01.1975;;;28;117;200 WALMART CIRCLE;Booneville;MS;38829;Wal-Mart
115;09.01.1976;;;28;25;1445 HWY 45 NORTH;West Point;MS;39773;Wal-Mart
116;08.01.1975;;;22;17;929 SOUTH PINE STREET;Vivian;LA;71082;Wal-Mart
117;06.01.1975;;;40;89;501 SOUTH PARK DRIVE;Broken Bow;OK;74728;Wal-Mart
118;04.01.1976;03.01.1993;1;28;95;1515 US HWY 278 EAST;Amory;MS;38821;Supercenter
119;03.01.1976;03.01.1994;1;5;63;3150 HARRISON STREET;Batesville;AR;72501;Supercenter
120;03.01.1976;;;47;53;2716 NORTH CENTRAL AVENUE;Humboldt;TN;38343;Wal-Mart
121;09.01.1975;03.01.1994;1;40;111;1800 SOUTH WOOD DRIVE;Okmulgee;OK;74447;Supercenter
122;11.01.1975;03.01.1999;1;29;31;3051 EAST JACKSON BLVD.;Jackson;MO;63755;Supercenter
123;06.01.1975;10/29/2003 ;1;40;133;1500 E. WRANGLER BLVD;Seminole;OK;74868;Supercenter
124;03.01.1975;03.01.1999;1;5;119;8801 BASELINE ROAD;Little Rock;AR;72209;Supercenter
125;04.01.1975;03.01.1999;1;5;131;2425 SOUTH ZERO ST;Fort Smith;AR;72901;Supercenter
126;03.01.1976;;;5;119;700 SOUTH BOWMAN BLV;Little Rock;AR;72211;Wal-Mart
127;02.01.1976;4/13/2005 ;1;5;59;1910 MARTIN LUTHER KING BLVD;Malvern;AR;72104;Supercenter
128;08.01.1978;03.01.1998;1;5;31;1911 WEST PARKER RD;Jonesboro;AR;72404;Supercenter
129;07.01.1975;03.01.1994;1;40;19;1715 NORTH COMMERCE STREET;Ardmore;OK;73401;Supercenter
130;07.01.1975;8/25/2004 ;1;40;101;1000 WEST SHAWNEE ST;Muskogee;OK;74403;Supercenter
131;11.01.1975;03.01.1990;1;48;449;2311 SOUTH JEFFERSON;Mt. Pleasant;TX;75455;Supercenter
132;02.01.1976;;;40;73;1213 SOUTH MAIN STREET;Kingfisher;OK;73750;Wal-Mart
133;05.01.1976;;;5;81;1040 S CONSTITUTION;Ashdown;AR;71822;Wal-Mart
134;08.01.1976;;;40;9;3105 WEST 3RD;Elk City;OK;73644;Wal-Mart
135;04.01.1976;10/27/2004 ;1;29;117;1000 GRAVES ST.;Chillicothe;MO;64601;Supercenter
136;04.01.1976;;;40;71;1219 WEST DOOLIN;Blackwell;OK;74631;Wal-Mart
137;10.01.1976;03.01.1994;1;40;119;111 NORTH PERKINS ROAD;Stillwater;OK;74075;Supercenter
138;11.01.1977;;;29;77;1923 EAST KEARNEY;Springfield;MO;65803;Wal-Mart
139;07.01.1976;;;40;87;1620 NORTH GREEN AVENUE;Purcell;OK;73080;Wal-Mart
140;09.01.1976;7/17/2002 ;1;48;5;2500 DANIEL MCCALL DRIVE;Lufkin;TX;75901;Supercenter
141;05.01.1976;03.01.1997;1;5;131;8301 ROGERS AVENUE;Fort Smith;AR;72903;Supercenter
142;05.01.1976;;;48;387;2204 HWY 82 WEST;Clarksville;TX;75426;Wal-Mart
143;06.01.1976;03.01.2000;1;21;157;310 WEST 5TH STREET;Benton;KY;42025;Supercenter
144;09.01.1976;03.01.1994;1;5;143;2875 WEST 6TH STREET;Fayetteville;AR;72704;Supercenter
145;10.01.1976;;;29;163;3310 W GEORGIA STREET;Louisiana;MO;63353;Wal-Mart
146;03.01.1976;03.01.1997;1;48;459;1923 NORTH WOOD;Gilmer;TX;75644;Supercenter
147;07.01.1976;03.01.1995;1;48;181;401 NORTH US HWY 75;Denison;TX;75020;Supercenter
148;06.01.1976;03.01.1996;1;48;277;3855 LAMAR AVENUE;Paris;TX;75460;Supercenter
149;03.01.1977;03.01.2000;1;22;49;184 OLD WINFIELD RD;Jonesboro;LA;71251;Supercenter
150;10.01.1976;03.01.1998;1;40;153;3215 WILLIAMS AVENUE;Woodward;OK;73801;Supercenter
151;03.01.1977;03.01.1994;1;40;121;432 SOUTH GEORGE NIGH EXWY;McAlester;OK;74501;Supercenter
152;12.01.1976;10/27/2004 ;1;29;99;12862 STATE ROAD 21;De Soto;MO;63020;Supercenter
153;10.01.1976;03.01.1994;1;28;145;202 PARK PLAZA;New Albany;MS;38652;Supercenter
155;08.01.1977;03.01.1994;1;28;137;5219 HWY 51 NORTH;Senatobia;MS;38668;Supercenter
156;01.01.1977;;;29;155;STATE HWY 84 WEST;Caruthersville;MO;63830;Wal-Mart
157;01.01.1977;03.01.1994;1;5;145;3509 EAST RACE AVENUE;Searcy;AR;72143;Supercenter
158;05.01.1977;03.01.1997;1;48;147;2021 NORTH HWY 121;Bonham;TX;75418;Supercenter
159;03.01.1977;03.01.1998;1;29;19;415 CONLEY ROAD;Columbia;MO;65201;Supercenter
160;01.01.1977;03.01.1994;1;5;135;219 HIGHWAY 412;Ashflat;AR;72513;Supercenter
161;05.01.1977;2/20/2002 ;1;47;17;180 VETERANS DRIVE N;Huntingdon;TN;38344;Supercenter
162;06.01.1977;03.01.1997;1;40;15;1201 WEST PETREE RD;Anadarko;OK;73005;Supercenter
163;02.01.1977;03.01.1993;1;48;347;4810 NORTH STREET;Nacogdoches;TX;75965;Supercenter
164;02.01.1977;;;28;115;350 WAL-MART CIRCLE;Pontotoc;MS;38863;Wal-Mart
165;05.01.1977;03.01.1996;1;48;401;2121 HWY 79 SOUTH;Henderson;TX;75654;Supercenter
166;03.01.1977;10/30/2002 ;1;29;215;1433 SO. SAM HOUSTON BLVD;Houston;MO;65483;Supercenter
167;04.01.1977;1/26/2005 ;1;5;3;910 UNITY ROAD;Crossett;AR;71635;Supercenter
168;02.07.1978;03.01.2000;1;40;143;12101 E 96TH ST. N;Owasso;OK;74055;Supercenter
169;09.01.1977;;;5;85;1400 NORTH CENTER;Lonoke;AR;72086;Wal-Mart
170;10.01.1977;03.01.1995;1;22;69;925 KEYSER AVE;Natchitoches;LA;71457;Supercenter
171;11.01.1977;;;5;103;1270 STATE HWY 4 BYPASS SW;Camden;AR;71701;Wal-Mart
172;07.01.1977;03.01.1988;1;29;71;5886 HWY 100;Washington;MO;63090;Supercenter
173;10.01.1977;5/21/2003 ;1;29;221;#1 MEMORIAL DRIVE;Potosi;MO;63664;Supercenter
174;10/15/1985 ;1/26/2005 ;1;12;9;2700 CLEARLAKE ROAD;Rockledge;FL;32922;Supercenter
175;11.01.1977;03.01.1996;1;47;157;560 WEST POPLAR AVE;Collierville;TN;38017;Supercenter
176;07.01.1977;;;28;139;822 CITY AVENUE SOUTH;Ripley;MS;38663;Wal-Mart
177;11.01.1977;03.01.1997;1;47;79;1210 MINERAL WELL AV;Paris;TN;38242;Supercenter
178;11.01.1977;03.01.1997;1;40;151;914 E OKLAHOMA BLVD;Alva;OK;73717;Supercenter
179;02.01.1977;3/14/2001 ;1;29;77;3520 W SUNSHINE ST.;Springfield;MO;65807;Supercenter
180;3/14/1978 ;03.01.1994;1;48;73;1311 SOUTH JACKSON;Jacksonville;TX;75766;Supercenter
181;08.08.1978;5/18/2005 ;1;48;37;800 JAMES BOWIE DRIVE;New Boston;TX;75570;Supercenter
182;06.01.1979;7/18/2001 ;1;28;151;1831 S DR MARTIN L. KING BLVD;Greenville;MS;38701;Supercenter
183;10.01.1977;8/25/2004 ;1;28;159;159 HIGHWAY 15 SOUTH;Louisville;MS;39339;Supercenter
184;02.01.1978;5/25/2005 ;1;29;95;600 N.E. CORONADO DRIVE;Blue Springs;MO;64014;Supercenter
185;7/21/1993 ;03.01.2002;1;48;97;1800 LAWRENCE ST.;Gainesville;TX;76240;Supercenter
186;11.01.1977;10/27/2004 ;1;20;15;301 SO. VILLAGE ROAD;El Dorado;KS;67042;Supercenter
188;07.01.1977;03.01.1994;1;29;31;3439 WILLIAMS STREET;Cape Girardeau;MO;63701;Supercenter
189;07.01.1977;03.01.1993;1;29;1;2206 NORTH BALTIMORE;Kirksville;MO;63501;Supercenter
190;07.01.1977;03.01.1995;1;29;69;1500 EAST FIRST ST;Kennett;MO;63857;Supercenter
192;9/15/1981 ;3/20/2002 ;1;47;119;2200 BROOKMEAD DRIVE;Columbia;TN;38401;Supercenter
194;1/22/1985 ;7/18/2001 ;1;48;201;4900 GARTH ROAD;Baytown;TX;77520;Supercenter
195;07.01.1977;;;29;47;2203 PATSY LANE;Excelsior Springs;MO;64024;Wal-Mart
196;07.01.1977;03.01.1993;1;17;77;1450 EAST MAIN;Carbondale;IL;62901;Supercenter
197;07.01.1977;8/27/2003 ;1;17;109;1730 E JACKSON ROAD;Macomb;IL;61455;Supercenter
198;07.01.1977;4/16/2003 ;1;17;121;1870 WEST MAIN ST.;Salem;IL;62881;Supercenter
199;07.01.1977;;;17;107;1501 WOODLAWN ROAD;Lincoln;IL;62656;Wal-Mart
200;07.01.1977;;;17;137;1205 W MORTON ROAD;Jacksonville;IL;62650;Wal-Mart
201;07.01.1977;;;17;163;120 CARLYLE PLAZA DRIVE;Belleville;IL;62221;Wal-Mart
203;8/29/1978 ;03.01.1998;1;29;115;937 PARK CIRCLE DR;Brookfield;MO;64628;Supercenter
204;2/14/1978 ;;;21;33;500 US HWY 62 WEST;Princeton;KY;42445;Wal-Mart
205;3/28/1978 ;03.01.1994;1;28;99;1002 BEACON STREET;Philadelphia;MS;39350;Supercenter
206;3/28/1978 ;7/20/2005 ;1;48;85;2041 REDBUD BLVD;McKinney;TX;75069;Supercenter
207;3/21/1978 ;;;40;117;1004 NORTH BROADWAY;Cleveland;OK;74020;Wal-Mart
208;04.04.1978;;;20;21;2970 MILITARY AVENUE;Baxter Springs;KS;66713;Wal-Mart
209;06.01.1978;;;5;47;1516 NORTH 18TH STREET;Ozark;AR;72949;Wal-Mart
210;7/18/1978 ;;;40;63;500 EAST HIGHWAY 270;Holdenville;OK;74848;Wal-Mart
211;09.12.1978;03.01.1998;1;48;217;401 COKE STREET;Hillsboro;TX;76645;Supercenter
212;11.01.1977;03.01.1999;1;40;27;333 INTERSTATE DRIVE;Norman;OK;73069;Supercenter
213;5/16/1978 ;03.01.1999;1;17;135;1205 WEST FERDON ST;Litchfield;IL;62056;Supercenter
214;10.10.1978;03.01.1994;1;48;241;800 WEST GIBSON;Jasper;TX;75951;Supercenter
215;5/15/1979 ;;;28;97;620 SOUTH APPLEGATE ST;Winona;MS;38967;Wal-Mart
216;3/27/1979 ;;;17;199;2705 WALTON WAY;Marion;IL;62959;Wal-Mart
217;09.05.1978;03.01.1999;1;48;121;801 WEST MAIN;Lewisville;TX;75067;Supercenter
218;04.10.1979;03.01.1998;1;47;109;1017 MULBERRY AVENUE;Selmer;TN;38375;Supercenter
219;10.03.1978;03.01.1993;1;29;159;3201 WEST BROADWAY;Sedalia;MO;65301;Supercenter
220;10/17/1978 ;03.01.1995;1;48;251;951 SW WILSHIRE BLVD;Burleson;TX;76028;Supercenter
221;10/31/1978 ;03.01.1994;1;40;17;1200 GARTH BROOKS BLVD;Yukon;OK;73099;Supercenter
222;12.05.1978;03.01.1996;1;17;157;1410 N MARKET ST;Sparta;IL;62286;Supercenter
224;6/13/1978 ;03.01.1997;1;17;81;110 DAVIDSON AVENUE;Mount Vernon;IL;62864;Supercenter
225;10/24/1978 ;;;40;99;2108 WEST BROADWAY;Sulphur;OK;73086;Wal-Mart
226;10/17/1978 ;03.01.1997;1;48;67;201 US HWY 59 LOOP;Atlanta;TX;75551;Supercenter
227;10.10.1978;03.01.1995;1;40;17;2400 SOUTH COUNTRY CLUB ROAD;El Reno;OK;73036;Supercenter
228;9/19/1978 ;03.01.1995;1;48;251;1616 WEST HENDERSON;Cleburne;TX;76031;Supercenter
229;10/31/1978 ;9/15/2004 ;1;5;111;512 INDUSTRIAL DRIVE;Trumann;AR;72472;Supercenter
230;12.05.1978;;;5;83;1501 EAST WALNUT STREET;Paris;AR;72855;Wal-Mart
231;9/19/1978 ;03.01.1995;1;40;123;1419 N. COUNTRY CLUB RD.;Ada;OK;74820;Supercenter
232;9/19/1978 ;;;40;5;1901 SOUTH MISSISSIPPI;Atoka;OK;74525;Wal-Mart
233;11/21/1978 ;03.01.1998;1;17;181;300 LEIGH AVE;Anna;IL;62906;Supercenter
234;12.05.1978;03.01.2004;1;29;47;8301 NO. CHURCH ROAD;Liberty;MO;64158;Supercenter
235;11/28/1978 ;;;5;21;1900 WEST MAIN;Corning;AR;72422;Wal-Mart
236;02.01.1979;03.01.1998;1;48;225;1225 E LOOP 304;Crockett;TX;75835;Supercenter
237;11/14/1978 ;;;17;165;16 ARROWHEAD POINT SHPCNTR;Harrisburg;IL;62946;Wal-Mart
238;2/13/1979 ;03.01.1999;1;47;55;1655 WEST COLLEGE STREET;Pulaski;TN;38478;Supercenter
239;7/31/1979 ;03.01.1998;1;28;7;220 VETERAN MEM DR;Kosciusko;MS;39090;Supercenter
240;6/19/1979 ;03.01.2000;1;48;231;2701 HWY 50;Commerce;TX;75428;Supercenter
242;9/18/1979 ;03.01.1998;1;20;121;310 HEDGE LANE;Paola;KS;66071;Supercenter
243;10/15/1980 ;;;29;183;1971 WENTZVILLE PKWY;Wentzville;MO;63385;Wal-Mart
244;7/31/1979 ;03.01.1999;1;22;127;5940 HWY 167 NORTH;Winnfield;LA;71483;Supercenter
246;9/18/1979 ;8/24/2005 ;1;40;113;823 WEST ROGERS BLVD;Skiatook;OK;74070;Supercenter
247;3/13/1979 ;;;40;111;605 EAST MAIN;Henryetta;OK;74437;Wal-Mart
248;8/28/1979 ;03.01.2000;1;48;293;1406 EAST MILAM;Mexia;TX;76667;Supercenter
249;03.06.1979;03.01.2000;1;48;291;831 HWY 59 SOUTH;Cleveland;TX;77327;Supercenter
250;3/27/1979 ;10/29/2003 ;1;29;15;103 WEST POLK ST;Warsaw;MO;65355;Supercenter
251;07.10.1979;03.01.1994;1;48;499;135 NE LOOP 564;Mineola;TX;75773;Supercenter
252;3/18/1980 ;03.01.1999;1;17;145;215 GRANT WAY;Du Quoin;IL;62832;Supercenter
253;12/30/1986 ;03.01.1997;1;17;83;1316 SOUTH STATE STREET;Jerseyville;IL;62052;Supercenter
254;11/13/1979 ;03.01.1998;1;17;159;1001 NORTH WEST;Olney;IL;62450;Supercenter
256;8/21/1979 ;;;17;119;400 JUNCTION DRIVE;Glen Carbon;IL;62034;Wal-Mart
257;10/30/1979 ;03.01.1999;1;21;225;901 U.S. HWY 60 EAST;Morganfield;KY;42437;Supercenter
258;02.12.1980;03.01.1994;1;28;81;3929 N GLOSTER STREET;Tupelo;MS;38804;Supercenter
259;8/28/1979 ;03.01.1996;1;48;397;782 INTERSTATE 30;Rockwall;TX;75087;Supercenter
260;7/17/1979 ;03.01.1996;1;48;139;1200 NO. HWY 77;Waxahachie;TX;75165;Supercenter
261;12.01.1981;5/16/2001 ;1;5;51;4019 CENTRAL AVENUE;Hot Springs;AR;71913;Supercenter
262;7/31/1979 ;1/28/2004 ;1;17;55;919 GIACONE DRIVE;Benton;IL;62812;Supercenter
264;6/26/1979 ;03.01.1993;1;47;43;175 BEASLEY DRIVE;Dickson;TN;37055;Supercenter
265;9/25/1979 ;03.01.1997;1;48;257;1900 WEST MOORE AVE;Terrell;TX;75160;Supercenter
266;6/24/1980 ;10/29/2003 ;1;48;439;1601 WEST STATE HIGHWAY 114;Grapevine;TX;76051;Supercenter
267;05.01.1980;03.01.1999;1;29;97;1212 SOUTH MADISON;Webb City;MO;64870;Supercenter
268;10/23/1979 ;10/16/2002 ;1;47;71;175 J.I. BELL LANE;Savannah;TN;38372;Supercenter
269;10/29/1979 ;03.01.1997;1;40;31;1002 NW SHERIDAN RD;Lawton;OK;73505;Supercenter
270;08.04.1981;;;22;27;906 WEST MAIN STREET;Homer;LA;71040;Wal-Mart
271;08.07.1979;8/25/2004 ;1;48;337;8420 US HWY 287 NO.;Bowie;TX;76230;Supercenter
272;8/21/1979 ;3/14/2001 ;1;47;187;3600 MALLORY LANE;Franklin;TN;37067;Supercenter
273;07.03.1979;03.01.1999;1;28;57;100 INTERCHANGE DRIVE;Fulton;MS;38843;Supercenter
274;8/21/1979 ;;;28;141;1110 BATTLEGROUND DRIVE;Iuka;MS;38852;Wal-Mart
275;10/23/1979 ;03.01.1995;1;48;373;1620 WEST CHURCH;Livingston;TX;77351;Supercenter
276;2/18/1981 ;;;40;61;OKLAHOMA HWY 9 EAST;Stigler;OK;74462;Wal-Mart
277;03.04.1980;03.01.1995;1;40;27;501 SW 19TH STREET;Moore;OK;73160;Supercenter
278;6/30/1981 ;03.01.1998;1;22;17;1645 EAST INDUSTRIAL;Shreveport;LA;71105;Supercenter
279;02.12.1980;3/17/2004 ;1;5;133;926 E. COLLIN RAYE DR.;De Queen;AR;71832;Supercenter
280;10/30/1979 ;3/23/2005 ;1;48;331;709 WEST HWY 79;Rockdale;TX;76567;Supercenter
281;10/30/1979 ;03.01.1998;1;5;23;1500 HWY 25B NORTH;Heber Springs;AR;72543;Supercenter
282;9/30/1980 ;03.01.1999;1;21;213;1550 NASHVILLE ROAD;Franklin;KY;42134;Supercenter
283;2/26/1980 ;;;48;361;795 TX AVE;Bridge City;TX;77611;Wal-Mart
284;9/25/1979 ;03.01.1998;1;48;439;930 N WALNUT CREEK DRIVE;Mansfield;TX;76063;Supercenter
285;9/25/1979 ;03.01.1994;1;48;471;141 INTER STATE 45 SOUTH;Huntsville;TX;77320;Supercenter
286;12.04.1979;10/16/2002 ;1;48;139;700 EAST ENNIS AVE.;Ennis;TX;75119;Supercenter
287;11/27/1979 ;03.01.1994;1;1;127;1801 HWY 78 EAST;Jasper;AL;35501;Supercenter
288;10/30/1979 ;1/26/2005 ;1;48;457;115 COBB MILL ROAD;Woodville;TX;75979;Supercenter
289;10/30/1979 ;;;5;41;US 65 SOUTH;McGehee;AR;71654;Wal-Mart
290;07.01.1980;;;48;177;US 90A & ROBERTSON ST;Gonzales;TX;78629;Wal-Mart
292;08.12.1980;;;48;55;1703 SOUTH COLORADO STREET;Lockhart;TX;78644;Wal-Mart
293;5/28/1980 ;;;48;185;1712 EAST WASHINGTON;Navasota;TX;77868;Wal-Mart
294;7/29/1980 ;03.01.1997;1;21;177;1725 WEST EVERELY BROTHERS BLV;Central City;KY;42330;Supercenter
295;04.01.1980;03.01.1995;1;29;189;131 ERKA TWN CNTR DR;Eureka;MO;63025;Supercenter
296;8/28/1980 ;10/26/2005 ;1;5;149;1172 NO. HWY 7;Dardanelle;AR;72834;Supercenter
297;09.01.1981;03.01.2000;1;48;339;23561 US HWY 59;Porter;TX;77365;Supercenter
298;08.12.1980;3/19/2003 ;1;1;95;1972 HWY 431;Boaz;AL;35957;Supercenter
299;9/30/1980 ;03.01.1995;1;21;227;150 WALTON AVENUE;Bowling Green;KY;42104;Supercenter
300;10/14/1980 ;1/26/2005 ;1;1;15;1625 PELHAM SOUTH;Jacksonville;AL;36265;Supercenter
301;08.12.1980;4/13/2005 ;1;1;55;340 EAST MEIGHAN BLVD;Gadsden;AL;35903;Supercenter
302;9/30/1980 ;;;17;77;550 E. INDUSTRIAL PARK RD #11;Murphysboro;IL;62966;Wal-Mart
303;09.03.1980;8/25/2004 ;1;28;93;950 MACKIE DRIVE;Holly Springs;MS;38635;Supercenter
304;10/23/1979 ;7/17/2002 ;1;47;147;3360 TOM AUSTIN HWY;Springfield;TN;37172;Supercenter
305;11/20/1979 ;03.01.1999;1;28;79;905 HWY 16 WEST;Carthage;MS;39051;Supercenter
306;2/26/1980 ;4/16/2003 ;1;1;95;1450 NO. BRINDLEE MTN. PKWY;Arab;AL;35016;Supercenter
307;11/16/1982 ;03.01.1995;1;22;73;1025 GLENWOOD DRIVE;West Monroe;LA;71291;Supercenter
308;02.10.1981;3/14/2001 ;1;47;31;2518 HILLSBORO BLVD;Manchester;TN;37355;Supercenter
309;10/28/1980 ;3/14/2001 ;1;22;113;3005 CHARITY ST;Abbeville;LA;70510;Supercenter
310;9/30/1980 ;03.01.1996;1;22;1;729 ODDFELLOWS RD.;Crowley;LA;70526;Supercenter
311;10/13/1980 ;;;22;101;200 NORTHWEST BLVD;Franklin;LA;70538;Wal-Mart
312;11/18/1980 ;7/20/2005 ;1;22;39;891 E LA SALLE ST;Ville Platte;LA;70586;Supercenter
313;04.07.1981;;;29;99;4550 GRAVOIS ROAD;House Springs;MO;63051;Wal-Mart
314;11/20/1979 ;03.01.1996;1;47;103;1224 HUNTSVILLE WAY;Fayetteville;TN;37334;Supercenter
315;10/14/1980 ;03.01.1996;1;1;9;2453 2ND AVENUE EAST;Oneonta;AL;35121;Supercenter
316;11/18/1980 ;8/25/2004 ;1;1;55;973 GILBERT FERRY ROAD SE;Attalla;AL;35954;Supercenter
317;9/15/1981 ;5/19/2004 ;1;17;51;201 NO. MATTES AVENUE;Vandalia;IL;62471;Supercenter
318;4/15/1980 ;03.01.2000;1;5;19;109 W.P. MALONE DR;Arkadelphia;AR;71923;Supercenter
319;6/24/1980 ;03.01.2000;1;29;37;2015 WEST FOXWOOD DR;Raymore;MO;64083;Supercenter
320;10/14/1980 ;;;48;145;TEXAS HWY 6 & 7 EAST BYPASS;Marlin;TX;76661;Wal-Mart
321;11.11.1980;03.01.1995;1;48;477;203 US LOOP 290 WEST;Brenham;TX;77833;Supercenter
322;6/29/1982 ;03.01.1994;1;48;41;2200 BRIARCREST DRVE;Bryan;TX;77802;Supercenter
323;09.03.1980;;;22;31;1043 WASHINGTON;Mansfield;LA;71052;Wal-Mart
324;11.03.1981;;;40;37;HWY 16 & 66 & 48;Bristow;OK;74010;Wal-Mart
325;10/14/1980 ;4/18/2001 ;1;29;177;908 WALTON WAY;Richmond;MO;64085;Supercenter
326;10/21/1980 ;;;29;107;HWY 13 & 19TH STREET;Higginsville;MO;64037;Wal-Mart
327;08.05.1980;;;40;41;1107 SOUTH MAIN STREET;Jay;OK;74346;Wal-Mart
328;4/21/1981 ;03.01.1997;1;17;133;961 N MARKET STREET;Waterloo;IL;62298;Supercenter
329;4/15/1980 ;09.07.2005;1;1;15;5560 MCCLELLAN BLVD;Anniston;AL;36206;Supercenter
330;11.11.1980;03.01.1994;1;48;469;9002 NORTH NAVARRO;Victoria;TX;77904;Supercenter
331;02.10.1981;03.01.1995;1;22;19;525 NORTH CITY SERVICE HWY;Sulphur;LA;70663;Supercenter
332;10/13/1981 ;03.01.1995;1;1;89;6140A UNIV DRIVE;Huntsville;AL;35806;Supercenter
333;02.03.1981;03.01.2000;1;21;183;1701 NORTH MAIN;Beaver Dam;KY;42320;Supercenter
334;11.11.1980;;;17;117;1030 W MAIN;Carlinville;IL;62626;Wal-Mart
335;11.11.1980;03.01.1995;1;47;113;2196 EMPORIUM DRIVE;Jackson;TN;38305;Supercenter
336;08.04.1980;;;5;53;1308 SOUTH ROCK STREET;Sheridan;AR;72150;Wal-Mart
337;11/18/1980 ;8/24/2005 ;1;29;123;1025 WALTON DRIVE;Fredericktown;MO;63645;Supercenter
338;09.09.1980;7/21/2004 ;1;29;11;29 S.W. 1ST LANE;Lamar;MO;64759;Supercenter
339;11/18/1980 ;;;5;39;1123 HIGHWAY 79 / 167 BYPASS;Fordyce;AR;71742;Wal-Mart
340;6/30/1981 ;;;40;91;1110 WEST GENTRY;Checotah;OK;74426;Wal-Mart
341;11/18/1980 ;4/13/2005 ;1;20;117;1174 PONY EXPRESS HWY;Marysville;KS;66508;Supercenter
342;11/18/1980 ;;;20;13;2207 IOWA;Hiawatha;KS;66434;Wal-Mart
343;06.02.1981;03.01.1999;1;17;21;1530 W. SPRINGFIELD RD;Taylorville;IL;62568;Supercenter
344;10/20/1981 ;3/17/2004 ;1;48;481;3413 WEST LOOP;El Campo;TX;77437;Supercenter
345;08.03.1982;03.01.1994;1;48;1;2223 SOUTH LOOP 256;Palestine;TX;75801;Supercenter
346;12.02.1980;;;20;15;1618 NORTH OHIO STREET;Augusta;KS;67010;Wal-Mart
347;02.02.1982;1/31/2006 ;1;28;133;633 HIGHWAY 82 WEST;Indianola;MS;38751;Supercenter
348;11/18/1980 ;03.01.1994;1;5;43;427 HWY 425 NORTH;Monticello;AR;71655;Supercenter
349;11/18/1980 ;;;5;41;HIGHWAY 65 SOUTH;Dumas;AR;71639;Wal-Mart
350;10/30/1984 ;4/13/2005 ;1;31;185;101 EAST DAVID DRIVE;York;NE;68467;Supercenter
352;11/18/1980 ;;;17;157;HWY 150/2206 STATE ST;Chester;IL;62233;Wal-Mart
353;06.02.1981;10/26/2005 ;1;48;503;2121 HWY 16 SOUTH;Graham;TX;76450;Supercenter
354;6/30/1981 ;;;29;73;1208 WEST HIGHWSY 28;Owensville;MO;65066;Wal-Mart
355;11/18/1980 ;5/15/2002 ;1;1;81;2900 PEPPERRELL PKWY;Opelika;AL;36801;Supercenter
356;09.01.1981;03.01.2000;1;1;81;1717 SOUTH COLLEGE STREET;Auburn;AL;36830;Supercenter
357;7/21/1981 ;;;29;141;PO BOX 12 1003 WEST NEWTON;Versailles;MO;65084;Wal-Mart
358;06.02.1981;;;5;33;200 HIGHWAY 64 WEST;Alma;AR;72921;Wal-Mart
359;11/17/1981 ;03.01.1998;1;5;143;3919 NO. MALL AVE;Fayetteville;AR;72703;Supercenter
360;6/30/1981 ;;;40;119;2004 EAST MAIN;Cushing;OK;74023;Wal-Mart
361;07.08.1981;;;17;119;601 BELT LINE ROAD;Collinsville;IL;62234;Wal-Mart
362;8/18/1981 ;;;1;93;2365 HIGHWAY 43 WEST;Winfield;AL;35594;Wal-Mart
363;12.01.1981;3/23/2005 ;1;29;195;855 S CHEROKEE DRIVE;Marshall;MO;65340;Supercenter
364;3/31/1981 ;1/26/2005 ;1;48;419;810 HURST STREET;Center;TX;75935;Supercenter
365;3/31/1981 ;03.01.1999;1;28;121;5520 HWY 80 EAST;Pearl;MS;39208;Supercenter
366;02.01.1983;03.01.1999;1;47;123;4525 HWY 411;Madisonville;TN;37354;Supercenter
368;11.11.1980;;;20;99;300 MAIN STREET;Parsons;KS;67357;Wal-Mart
369;11/18/1980 ;;;20;35;2202 PIKE RD;Winfield;KS;67156;Wal-Mart
370;11/18/1980 ;;;20;191;1201 W 8TH;Wellington;KS;67152;Wal-Mart
371;9/29/1981 ;03.01.1995;1;48;221;735 HWY 377 EAST;Granbury;TX;76048;Supercenter
372;03.10.1981;03.01.1997;1;20;57;1905 NORTH 14 AVE;Dodge City;KS;67801;Supercenter
373;03.10.1981;;;5;87;EAST LEE STREET;Huntsville;AR;72740;Wal-Mart
374;7/21/1981 ;;;40;145;13795 SOUTH STATE HIGHWAY 51;Coweta;OK;74429;Wal-Mart
375;08.11.1981;;;1;89;2900 S. MEM PKWY(DRAKE AVE);Huntsville;AL;35801;Wal-Mart
376;4/21/1981 ;03.01.1996;1;22;15;2536 AIRLINE DR;Bossier City;LA;71111;Supercenter
377;12.01.1981;;;1;119;US HIGHWAY 11;Livingston;AL;35470;Wal-Mart
378;9/29/1981 ;;;20;85;209 ARIZONA AVENUE;Holton;KS;66436;Wal-Mart
379;10/20/1981 ;4/14/2004 ;1;29;43;2004 WEST MARLER LANE;Ozark;MO;65721;Supercenter
380;02.02.1982;;;5;127;1359 WEST 2ND STREET;Waldron;AR;72958;Wal-Mart
381;08.04.1981;03.01.1995;1;48;99;2720 EAST HWY 190;Copperas Cove;TX;76522;Supercenter
382;03.03.1981;03.01.1995;1;20;59;2101 PRINCETON RD;Ottawa;KS;66067;Supercenter
383;07.08.1981;4/14/2004 ;1;48;199;1100 NO. HIGHWAY 96;Silsbee;TX;77656;Supercenter
384;12.01.1981;4/14/2004 ;1;48;199;100 NO. LHS DRIVE;Lumberton;TX;77657;Supercenter
385;7/28/1981 ;;;48;123;1202 E BROADWAY;Cuero;TX;77954;Wal-Mart
386;07.01.1983;03.01.1995;1;22;53;303 INTERSTATE DR;Jennings;LA;70546;Supercenter
387;9/21/1982 ;;;40;81;1700 EAST FIRST STREET;Chandler;OK;74834;Wal-Mart
388;8/31/1982 ;;;5;131;2600 MIDLAND BLVD;Ft. Smith;AR;72904;Wal-Mart
389;11/17/1981 ;;;40;109;3200 SOUTH BROADWAY;Edmond;OK;73013;Wal-Mart
390;03.10.1981;8/20/2003 ;1;47;85;275 WALTON DR;Waverly;TN;37185;Supercenter
391;06.02.1981;03.01.1997;1;28;81;2270 WEST MAIN STREET;Tupelo;MS;38801;Supercenter
392;06.02.1981;;;40;39;800 EAST MAIN STREET;Weatherford;OK;73096;Wal-Mart
393;09.01.1981;3/17/2004 ;1;47;113;2171 SOUTH HIGHLAND AVE;Jackson;TN;38301;Supercenter
394;12.01.1981;1/26/2005 ;1;1;79;15445 HIGHWAY 24;Moulton;AL;35650;Supercenter
395;11.03.1981;03.01.1994;1;48;215;2410 EAST EXPRESSWAY 83;Mission;TX;78572;Supercenter
396;03.06.1984;03.01.1998;1;45;7;3812 LIBERTY HWY;Anderson;SC;29621;Supercenter
397;11/17/1981 ;03.01.1998;1;48;215;1200 E. JACKSON AVE.;McAllen (S);TX;78503;Supercenter
398;05.04.1982;03.01.1993;1;48;183;515 E LOOP 281;Longview;TX;75605;Supercenter
399;12.01.1981;8/25/2004 ;1;48;183;2440 GILMER ROAD;Longview;TX;75604;Supercenter
400;10/18/1983 ;03.01.1996;1;48;339;1407 LOOP 336 WEST;Conroe;TX;77304;Supercenter
401;9/29/1981 ;;;22;47;58485 BELLVIEW ROAD;Plaquemine;LA;70764;Wal-Mart
402;12.01.1981;;;22;99;1400 REES STREET;Breaux Bridge;LA;70517;Wal-Mart
403;11.03.1981;1/26/2005 ;1;1;59;13675 HWY 43;Russellville;AL;35653;Supercenter
404;03.02.1982;03.01.1996;1;48;209;1015 HWY 80;San Marcos;TX;78666;Supercenter
405;8/17/1982 ;03.01.1998;1;22;115;2204 SOUTH FIFTH ST;Leesville;LA;71446;Supercenter
406;11.03.1981;03.01.1995;1;47;149;570 ENON SPRINGS ROAD;Smyrna;TN;37167;Supercenter
407;12.01.1981;03.01.1999;1;48;27;1400 LOWE'S BLVD.;Killeen;TX;76542;Supercenter
408;7/13/1982 ;2/20/2002 ;1;48;245;8585 MEMORIAL BLVD;Nederland;TX;77642;Supercenter
409;10/13/1981 ;;;1;133;42417 HWY 195;Haleyville;AL;35565;Wal-Mart
410;10.06.1981;03.01.1996;1;21;35;809 NORTH 12TH STREET;Murray;KY;42071;Supercenter
411;08.03.1982;;;28;17;660 EAST MADISON;Houston;MS;38851;Wal-Mart
412;5/24/1983 ;03.01.1995;1;48;213;1405 EAST TYLER;Athens;TX;75751;Supercenter
413;5/18/1982 ;5/18/2005 ;1;48;61;1401 WEST HWY 100;Port Isabel;TX;78578;Supercenter
414;6/29/1982 ;;;48;485;106 S RED RIVER EXPRESSWAY;Burkburnett;TX;76354;Wal-Mart
415;03.02.1982;;;22;99;2310 N MAIN;St. Martinville;LA;70582;Wal-Mart
417;05.03.1983;03.01.1994;1;48;223;1750 S. BROADWAY;Sulpher Springs;TX;75482;Supercenter
418;08.03.1982;;;31;95;1501 K STREET;Fairbury;NE;68352;Wal-Mart
419;8/17/1982 ;5/21/2003 ;1;20;151;2003 EAST 1ST ST;Pratt;KS;67124;Supercenter
420;5/31/1982 ;03.01.2000;1;48;485;2700 CENTRAL FREEWAY;Wichita Falls;TX;76305;Supercenter
421;6/29/1982 ;03.01.1995;1;48;497;800 S US HWY 81/287;Decatur;TX;76234;Supercenter
422;08.03.1982;;;17;33;1304 EAST MAIN STREET;Robinson;IL;62454;Wal-Mart
423;12.01.1981;8/24/2005 ;1;1;117;630 COLONIAL PROMENADE PKWY;Pelham;AL;35007;Supercenter
424;08.03.1982;03.01.1994;1;1;21;1415 7TH STREET SOUTH;Clanton;AL;35045;Supercenter
425;08.03.1982;;;1;7;30 WALNUT STREET;Brent;AL;35034;Wal-Mart
426;11/30/1982 ;03.01.1998;1;48;121;4691 STATE HWY 121;The Colony;TX;75056;Supercenter
427;10.05.1982;03.01.1994;1;48;231;7401 INTERSTATE 30;Greenville;TX;75402;Supercenter
428;10.04.1983;03.01.1996;1;22;33;5801 MAIN STREET;Zachary;LA;70791;Supercenter
429;11.03.1981;03.01.1994;1;48;215;1724 W UNIVERSITY DRIVE;Edinburg;TX;78539;Supercenter
430;09.01.1981;03.01.1996;1;21;83;1225 PARIS ROAD;Mayfield;KY;42066;Supercenter
431;8/18/1981 ;03.01.1995;1;21;145;3220 IRVING COBB DRIVE;Paducah;KY;42003;Supercenter
432;8/18/1981 ;4/21/2004 ;1;1;121;214 HAYNES STREET;Talladega;AL;35160;Supercenter
433;08.11.1981;3/17/2004 ;1;1;89;2200 SPARKMAN DRIVE;Huntsville;AL;35810;Supercenter
434;08.11.1981;03.01.1996;1;1;89;11610 MEMORIAL PKWY SOUTH;Huntsville;AL;35803;Supercenter
435;9/21/1982 ;3/14/2001 ;1;17;119;12495 STATE RTE 143;Highland;IL;62249;Supercenter
436;9/21/1982 ;;;17;27;2517 FRANKLIN ST;Carlyle;IL;62231;Wal-Mart
437;9/21/1982 ;;;48;15;2200 HIGHWAY 36 SOUTH;Sealy;TX;77474;Wal-Mart
438;02.01.1984;;;48;429;3732 WEST WALKER;Breckenridge;TX;76424;Wal-Mart
440;8/31/1982 ;10/27/2004 ;1;48;7;2401 HWY 35 NORTH;Rockport;TX;78382;Supercenter
442;4/20/1982 ;03.01.1996;1;48;273;1133 E GEN'L CAVAZOS BLVD;Kingsville;TX;78363;Supercenter
443;10.05.1982;;;48;325;103 19TH STREET;Hondo;TX;78861;Wal-Mart
444;7/13/1982 ;5/22/2002 ;1;29;77;3315 SOUTH CAMPBELL;Springfield;MO;65807;Supercenter
445;10.05.1982;8/20/2003 ;1;21;85;1801 ELIZABETHTOWN ROAD;Leitchfield;KY;42754;Supercenter
446;04.03.1984;;;48;313;1620 EAST MAIN;Madisonville;TX;77864;Wal-Mart
447;11/16/1982 ;5/15/2002 ;1;48;465;2410 DODSON ST;Del Rio;TX;78840;Supercenter
448;08.03.1982;03.01.1998;1;22;17;6235 WESTPORT AVE;Shreveport;LA;71129;Supercenter
449;05.03.1983;5/21/2003 ;1;48;245;4999 TWIN CITY HWY;Groves;TX;77642;Supercenter
450;11/16/1982 ;03.01.2002;1;22;17;9550 MANSFIELD RD;Shreveport;LA;71118;Supercenter
451;02.02.1982;;;29;19;405 NIFONG BLVD;Columbia;MO;65201;Wal-Mart
452;4/20/1982 ;;;48;215;4001 NORTH 23RD;McAllen (N);TX;78504;Wal-Mart
453;3/16/1982 ;;;29;69;1007 NORTH DOUGLAS;Malden;MO;63863;Wal-Mart
454;03.02.1982;4/13/2005 ;1;17;191;150 COMMERCE DRIVE;Fairfield;IL;62837;Supercenter
456;10.05.1982;3/14/2001 ;1;48;61;3500 W ALTON GLOOR BLVD;Brownsville;TX;78520;Supercenter
457;03.01.1983;;;48;361;1350 NORTH MAIN;Vidor;TX;77662;Wal-Mart
458;11.02.1982;3/14/2001 ;1;48;409;2501 WEST WHEELER;Aransas Pass;TX;78336;Supercenter
459;11/29/1983 ;;;13;217;9218 HWY 278 NE;Covington;GA;30014;Wal-Mart
460;11/29/1983 ;;;17;21;10 WEST SECOND;Pana;IL;62557;Wal-Mart
461;8/17/1982 ;10/30/2002 ;1;48;323;496 SOUTH BIBB ST.;Eagle Pass;TX;78852;Supercenter
462;10.05.1982;5/16/2001 ;1;48;39;400 SOUTH BYPASS 35;Alvin;TX;77511;Supercenter
463;8/31/1982 ;;;48;25;2201 NORTH SAINT MARY;Beeville;TX;78102;Wal-Mart
464;10.05.1982;03.01.1994;1;48;355;3829 US HWY 77;Corpus Christi;TX;78410;Supercenter
465;11/16/1982 ;;;48;493;534 10TH STREET;Floresville;TX;78114;Wal-Mart
466;11/16/1982 ;10/30/2002 ;1;47;69;1604 WEST MARKET ST.;Bolivar;TN;38008;Supercenter
467;11/16/1982 ;03.01.1996;1;48;121;1515 SOUTH LOOP 288;Denton;TX;76208;Supercenter
468;11/16/1982 ;4/24/2002 ;1;5;91;133 ARKANSAS BLVD;Texarkana;AR;71854;Supercenter
469;11.02.1982;03.01.1994;1;22;19;3415 US 14;Lake Charles;LA;70607;Supercenter
470;10.05.1982;03.01.1996;1;48;355;1821 SOUTH PADRE ISLAND DR;Corpus Christi;TX;78416;Supercenter
471;10.05.1982;03.01.1999;1;48;113;150 NORTH BECKLEY;Lancaster;TX;75146;Supercenter
472;4/29/1986 ;03.01.1999;1;40;143;2301 WEST KENOSHA ST;Broken Arrow;OK;74012;Supercenter
473;04.05.1983;;;48;287;US HWY 290/2374 E AUSTIN;Giddings;TX;78942;Wal-Mart
474;11.02.1982;;;48;239;1002 NORTH WELLS;Edna;TX;77957;Wal-Mart
475;11/30/1982 ;03.01.1995;1;48;491;2701 SOUTH IH-35;Round Rock;TX;78664;Supercenter
476;07.01.1983;5/18/2005 ;1;48;99;2805 SO. HWY 36;Gatesville;TX;76528;Supercenter
477;11/16/1982 ;4/13/2005 ;1;47;65;9334 DAYTON PIKE;Soddy-Daisy;TN;37379;Supercenter
478;03.06.1984;;;48;163;819 N OAK STREET;Pearsall;TX;78061;Wal-Mart
479;9/21/1982 ;03.01.1995;1;40;65;2500 NORTH MAIN;Altus;OK;73521;Supercenter
480;11/30/1982 ;;;17;149;US 36 & 151 SHETLAND DRIVE;Pittsfield;IL;62363;Wal-Mart
481;11.02.1982;03.01.1994;1;17;29;101 DETTRO DRIVE;Mattoon;IL;61938;Supercenter
482;7/17/1984 ;;;48;39;301 N COLUMBIA DR;West Columbia;TX;77486;Wal-Mart
483;10.05.1982;03.01.1996;1;1;1;1903 COBBS FORD RD;Prattville;AL;36066;Supercenter
484;02.01.1983;;;20;45;3300 IOWA STREET;Lawrence;KS;66046;Wal-Mart
485;08.02.1983;6/15/2005 ;1;22;5;37000 HWY 3089;Donaldsonville;LA;70346;Supercenter
486;10.04.1983;10/30/2002 ;1;20;209;12801 KANSAS AVENUE;Bonner Springs;KS;66012;Supercenter
487;03.01.1983;;;17;39;10 CLINTON PLAZA HWY 54 WEST;Clinton;IL;61727;Wal-Mart
488;11/16/1982 ;10/16/2002 ;1;12;39;1940 PAT THOMAS PKWY;Quincy;FL;32351;Supercenter
489;08.02.1983;03.01.1994;1;22;105;2799 WEST THOMAS STREET;Hammond;LA;70401;Supercenter
490;3/29/1983 ;;;48;355;10241 SOUTH PADRE ISLAND DRIVE;Corpus Christi;TX;78418;Wal-Mart
491;03.01.1983;03.01.1993;1;21;145;5130 HINKLEVILLE ROAD;Paducah;KY;42001;Supercenter
492;10/18/1983 ;03.01.1996;1;18;83;650 KIMMEL RD;Vicennes;IN;47591;Supercenter
493;04.05.1983;;;21;17;2000 PARIS BYPASS;Paris;KY;40361;Wal-Mart
494;10.05.1982;03.01.1996;1;13;77;1025 BULLSBORO DR;Newnan;GA;30265;Supercenter
495;08.02.1983;03.01.2000;1;28;87;1913 HWY 45 NORTH;Columbus;MS;39701;Supercenter
497;03.01.1983;03.01.1997;1;21;211;500 TAYLORSVILLE RD;Shelbyville;KY;40065;Supercenter
498;08.02.1983;;;22;59;2426 EAST OAK STREET;Jena;LA;71342;Wal-Mart
499;07.01.1983;8/20/2003 ;1;40;47;5505 W OWEN K. GARRIOTT RD;Enid;OK;73703;Supercenter
500;08.02.1984;03.01.2000;1;48;141;4530 WOODROW BEAN TRANSMTN DR.;El Paso;TX;79924;Supercenter
501;5/14/1985 ;03.01.2000;1;28;67;1621 HWY 15 NORTH;Laurel;MS;39440;Supercenter
502;07.01.1983;03.01.1995;1;22;57;16759 HWY 3235;Galliano;LA;70354;Supercenter
503;08.02.1983;;;48;89;2103 MILAM STREET;Columbus;TX;78934;Wal-Mart
504;08.02.1983;03.01.1995;1;48;167;6702 SEAWALL BLVD;Galveston;TX;77551;Supercenter
505;11.01.1983;03.01.1993;1;22;11;1125 NORTH PINE;Deridder;LA;70634;Supercenter
506;04.05.1983;;;17;25;US HWY 50 & HWY 1;Flora;IL;62839;Wal-Mart
507;08.02.1983;;;21;5;224 WEST PARK SHOP CTR;Lawrenceburg;KY;40342;Wal-Mart
508;04.05.1983;03.01.1995;1;48;265;1216 JUNCTION HWY;Kerrville;TX;78028;Supercenter
510;8/16/1983 ;03.01.1994;1;13;139;400 SHALLOWFORD ROAD;Gainsville;GA;30504;Supercenter
511;07.04.1981;5/21/2003 ;1;45;85;1283 BROAD ST;Sumter;SC;29150;Supercenter
512;08.02.1984;8/20/2003 ;1;48;141;10727 GATEWAY BLVD WEST;El Paso;TX;79935;Supercenter
513;8/16/1983 ;03.01.1995;1;48;227;201 WEST MARCY;Big Spring;TX;79720;Supercenter
514;07.04.1981;03.01.1995;1;45;3;2035 WHISKEY ROAD;Aiken;SC;29803;Supercenter
515;8/16/1983 ;03.01.2000;1;37;39;2330 HIGHWAY 19;Murphy;NC;28906;Supercenter
516;10.04.1983;03.01.1994;1;48;213;1200 WEST MAIN;Gun Barrel City;TX;75156;Supercenter
517;08.02.1983;5/21/2003 ;1;40;17;951 EAST STATE HWY 152;Mustang;OK;73064;Supercenter
518;11.01.1983;03.01.1996;1;13;57;1550 RIVERSTONE PWKY;Canton;GA;30114;Supercenter
519;11.01.1983;;;21;167;900 SOUTH COLLEGE;Harrodsburg;KY;40330;Wal-Mart
520;02.01.1984;2/20/2002 ;1;13;13;440 ATLANTA HWY N.W.;Winder;GA;30680;Supercenter
521;3/20/1984 ;3/19/2003 ;1;22;19;2500 N. MARTIN LUTHER KING HWY;Moss Bluff;LA;70601;Supercenter
522;3/20/1984 ;4/14/2004 ;1;48;201;14215 FM 2100;Crosby;TX;77532;Supercenter
523;11/29/1983 ;;;48;365;423 W LOOP 436;Carthage;TX;75633;Wal-Mart
524;8/16/1983 ;;;48;255;337 N SUNSET;Kenedy;TX;78119;Wal-Mart
526;5/24/1983 ;03.01.1997;1;21;111;3706 DIANN MARIE ROAD;Louisville (NE);KY;40241;Supercenter
527;05.03.1983;03.01.1994;1;48;39;1801 N VELASCO;Angleton;TX;77515;Supercenter
528;5/17/1983 ;03.01.1997;1;12;81;2911 53RD AVENUE EAST;Brandenton;FL;34203;Supercenter
529;07.01.1983;4/16/2003 ;1;48;167;6410 I-45;Texas City;TX;77568;Supercenter
530;07.01.1983;03.01.1996;1;5;139;2730 NORTHWEST AVE;El Dorado;AR;71730;Supercenter
531;03.05.1985;4/18/2001 ;1;22;55;3142 AMBASSADOR CAFFERY PKWY;Lafayette;LA;70506;Supercenter
532;07.01.1983;03.01.2000;1;22;5;308 N AIRLINE HWY;Gonzales;LA;70737;Supercenter
533;5/17/1983 ;03.01.2002;1;22;45;1205 E ADMIRAL DOYLE;New Iberia;LA;70560;Supercenter
534;5/17/1983 ;03.01.2000;1;22;55;1229 NE EVANGELINE THRUWAY;Lafayette;LA;70501;Supercenter
535;05.03.1983;03.01.1996;1;48;441;4350 SOUTHWEST DR;Abilene;TX;79606;Supercenter
536;05.03.1983;8/24/2005 ;1;48;441;1650 STATE HWY 351;Abilene;TX;79601;Supercenter
537;06.07.1983;03.01.1994;1;48;135;4210 JOHN BEN SHEPHERD PKWY;Odessa;TX;79762;Supercenter
538;5/17/1983 ;;;12;1;2649 NW 13TH STREET;Gainesville;FL;32609;Wal-Mart
539;5/19/1983 ;03.01.1999;1;22;79;2050 NORTH MALL BLVD;Alexandria;LA;71301;Supercenter
540;5/17/1983 ;03.01.1995;1;22;101;973 HWY 90 EAST;Bayou Vista;LA;70380;Supercenter
541;10.04.1983;03.01.1995;1;22;103;880 N HWY 190;Covington;LA;70433;Supercenter
542;5/17/1983 ;03.01.1996;1;22;109;1633 MARTIN LUTHER KING BLVD;Houma;LA;70360;Supercenter
543;06.07.1983;4/17/2002 ;1;22;97;1629 EAST CRESSWELL LANE;Opelousas;LA;70570;Supercenter
544;07.01.1983;;;40;109;7500 EAST RENO;Midwest City;OK;73110;Wal-Mart
545;11/15/1983 ;;;21;51;240 MANCHESTER SQUARE;Manchester;KY;40962;Wal-Mart
546;10.04.1983;03.01.1993;1;48;157;5330 FM1640;Richmond;TX;77469;Supercenter
547;10.04.1983;03.01.1997;1;12;57;2602 JIM REDMAN PARKWAY;Plant City;FL;33566;Supercenter
548;10/18/1983 ;03.01.2004;1;13;135;630 COLLINS HILL RD;Lawrenceville;GA;30045;Supercenter
549;10/16/1983 ;2/20/2002 ;1;35;25;3800 LOVINGTON HWY;Hobbs;NM;88240;Supercenter
550;02.01.1984;;;17;101;2610 WEST HAVEN ROAD;Lawrenceville;IL;62439;Wal-Mart
551;10/23/1984 ;10/16/2002 ;1;12;107;1024 SO. STATE ROAD #19;Palatka;FL;32177;Supercenter
552;10/16/1984 ;;;21;133;350 WHITESBURG PLAZA;Whitesburg;KY;41858;Wal-Mart
553;5/17/1983 ;1/28/2004 ;1;22;103;39142 NATCHEZ DRIVE;Slidell;LA;70461;Supercenter
554;06.07.1983;;;48;479;5610 SAN BERNARDO AVE;Laredo;TX;78041;Wal-Mart
555;07.01.1983;;;13;175;2101 VETERANS BLVD;Dublin;GA;31021;Wal-Mart
556;07.01.1983;03.01.1996;1;13;299;2425 MEMORIAL DRIVE;Waycross;GA;31501;Supercenter
557;06.07.1983;03.01.2000;1;20;111;2301 INDUSTRIAL ROAD;Emporia;KS;66801;Supercenter
558;06.07.1983;03.01.1999;1;20;169;2900 SOUTH 9TH ST;Salina;KS;67401;Supercenter
559;07.01.1983;03.01.1997;1;19;139;3003 NORTH HWY 61;Muscatine;IA;52761;Supercenter
560;07.01.1983;03.01.1995;1;29;21;4201 N BELT HIGHWAY;St. Joseph;MO;64506;Supercenter
561;10.04.1983;10/26/2005 ;1;48;133;1410 E. MAIN ST.;Eastland;TX;76448;Supercenter
562;11.01.1983;03.01.2000;1;1;115;8551 WHITFIELD AVE;Leeds;AL;35094;Supercenter
563;10/18/1983 ;3/14/2001 ;1;12;127;2400 VETERANS MEMORIAL PRKWY;Orange City;FL;32763;Supercenter
564;11.01.1983;03.01.1998;1;40;109;6100 WEST RENO AVE;Oklahoma City;OK;73127;Supercenter
565;10/18/1983 ;8/20/2003 ;1;48;349;3801 WEST HWY 31;Corsicana;TX;75110;Supercenter
566;03.06.1984;1/28/2004 ;1;18;173;1115 AMERICAN WAY;Boonville;IN;47601;Supercenter
567;04.03.1984;;;48;51;475 STATE HIGHWAY 36 N;Caldwell;TX;77836;Wal-Mart
568;05.01.1984;;;47;159;59 DIXON SPRINGS HIGHWAY;Carthage;TN;37030;Wal-Mart
569;11/29/1984 ;;;21;1;809 JAMESTOWN STREET;Columbia;KY;42728;Wal-Mart
571;04.03.1984;2/20/2002 ;1;21;209;112 OSBORNE WAY;Georgetown;KY;40324;Supercenter
572;06.05.1984;3/19/2003 ;1;48;183;1201 STONE STREET;Kilgore;TX;75662;Supercenter
573;04.03.1984;6/27/2001 ;1;29;95;1000 NE SAM WALTON LANE;Lee's Summit;MO;64086;Supercenter
574;6/29/1984 ;03.01.1996;1;45;51;2751 BEAVER RUN BLVD;Surfside Beach;SC;29575;Supercenter
575;5/22/1984 ;5/19/2004 ;1;13;57;12182 HWY 92;Woodstock;GA;30188;Supercenter
576;10.04.1983;03.01.1994;1;40;143;207 S MEMORIAL DRIVE;Tulsa;OK;74112;Supercenter
577;08.02.1984;07.11.2001;1;20;91;13600 S. ALDEN ST.;Olathe;KS;66062;Supercenter
578;10/18/1983 ;03.01.1995;1;47;155;1414 PARKWAY;Sevierville;TN;37862;Supercenter
579;11/29/1983 ;03.01.1997;1;12;109;2355 US HWY #1SOUTH;St. Augustine;FL;32086;Supercenter
580;11/29/1983 ;03.01.1997;1;12;105;1050 VAN FLEET DRIVE;Bartow;FL;33830;Supercenter
581;10.04.1983;09.04.2002;1;19;127;2802 S CENTER STREET;Marshalltown;IA;50158;Supercenter
582;11/29/1983 ;03.01.1998;1;12;127;1590 DUNLAWTON AVE;Port Orange;FL;32127;Supercenter
583;5/22/1984 ;03.01.1999;1;47;151;19740 ALBERTA STREET;Oneida;TN;37841;Supercenter
584;10/16/1984 ;03.01.1999;1;21;81;20 FERGUSON BLVD.;Dry Ridge;KY;41035;Supercenter
585;02.01.1984;03.01.2002;1;45;91;2377 DAVE LYLE BLVD.;Rock Hill;SC;29730;Supercenter
586;06.02.1988;03.01.1998;1;45;51;2709-A CHURCH STREET;Conway;SC;29526;Supercenter
587;5/22/1984 ;03.01.2004;1;47;185;202 SAM WALTON DRIVE;Sparta;TN;38583;Supercenter
588;03.06.1984;03.01.2004;1;13;177;2825 LEDO ROAD;Albany;GA;31707;Supercenter
589;02.01.1984;03.01.1999;1;21;111;11901 STANDIFORD PLAZA ROAD;Louisville;KY;40229;Supercenter
590;8/31/1984 ;4/21/2004 ;1;48;439;6300 OAKMONT BLVD (HULEN);Ft. Worth;TX;76132;Supercenter
591;9/18/1984 ;;;21;97;US 27 SOUTH;Cynthiana;KY;41031;Wal-Mart
592;08.02.1984;03.01.1997;1;20;173;2020 NORTH SE BLVD;Derby;KS;67037;Supercenter
593;10/16/1984 ;03.01.1996;1;13;69;1450 SOUTHEAST BOWENS MILL RD;Douglas;GA;31533;Supercenter
594;4/17/1984 ;03.01.1996;1;13;113;125 PAVILLION PARKWAY;Fayetteville;GA;30214;Supercenter
595;10.02.1984;03.01.1994;1;48;61;1801 WEST LINCOLN AVE;Harlingen;TX;78552;Supercenter
596;10/16/1984 ;;;17;199;1713 SOUTH PARK AVENUE;Herrin;IL;62948;Wal-Mart
597;9/18/1984 ;03.01.1999;1;48;201;7075 FM 1960 RD WEST;Houston;TX;77069;Supercenter
598;10/16/1984 ;03.01.1995;1;31;19;5411 N. SECOND AVENUE;Kearney;NE;68847;Supercenter
599;8/31/1984 ;03.01.1995;1;47;163;3200 FT HENRY DRIVE;Kingsport;TN;37664;Supercenter
600;7/17/1984 ;10/27/2004 ;1;48;179;2801 NO. CHARLES ST.;Pampa;TX;79065;Supercenter
601;8/31/1984 ;03.01.1994;1;48;451;5501 SHERWOOD WAY;San Angelo;TX;76904;Supercenter
602;04.03.1984;;;48;339;610 SAWDUST ROAD;The Woodlands;TX;77380;Wal-Mart
603;10.08.1985;4/14/2004 ;1;17;179;3320 VETERANS DRIVE;Pekin;IL;61554;Supercenter
604;11/15/1983 ;10/16/2002 ;1;1;69;4310 MONTGOMERY HWY;Dothan;AL;36303;Supercenter
605;11/25/1983 ;7/21/2004 ;1;13;51;1955 E. MONTGOMERY CROSSROADS;Savannah;GA;31406;Supercenter
606;11/25/1983 ;;;13;51;4725 EAST HWY 80;Savannah;GA;31410;Wal-Mart
607;6/29/1984 ;;;40;75;923 WEST 11 STREET (HWY 9);Hobart;OK;73651;Wal-Mart
608;6/29/1984 ;03.01.1994;1;48;329;4517 NORTH MIDLAND DRIVE;Midland;TX;79707;Supercenter
609;9/18/1984 ;3/20/2002 ;1;29;127;3650 STAR DUST DRIVE;Hannibal;MO;63401;Supercenter
610;04.03.1984;03.01.1994;1;48;143;2765 W WASHINGTON;Stephenville;TX;76401;Supercenter
611;04.03.1984;3/19/2003 ;1;35;5;"4500 ""A"" NORTH MAIN";Roswell;NM;88201;Supercenter
612;02.04.1984;03.01.2002;1;17;29;2250 LINCOLN AVENUE;Charleston;IL;61920;Supercenter
613;04.03.1984;03.01.1996;1;12;127;1521 W GRANADA BLVD;Ormond Beach;FL;32174;Supercenter
614;5/22/1984 ;7/14/2004 ;1;13;285;803 NEW FRANKLIN RD;La Grange;GA;30240;Supercenter
615;11/13/1984 ;03.01.1995;1;13;15;101 MARKET PLACE BLVD;Cartersville;GA;30121;Supercenter
616;8/31/1984 ;03.01.1997;1;45;75;2795 NORTH ROAD;Orangeberg;SC;29115;Supercenter
617;11.12.1985;;;18;153;757 WEST WOLF STREET;Sullivan;IN;47882;Wal-Mart
618;08.02.1984;03.01.1995;1;13;223;4166 JIMMY LEE SMITH PKWY;Hiram;GA;30141;Supercenter
619;10/16/1984 ;8/20/2003 ;1;47;143;3034 RHEA COUNTY HWY;Dayton;TN;37321;Supercenter
620;11/13/1984 ;10/29/2003 ;1;47;163;220 CENTURY BLVD;Bristol;TN;37620;Supercenter
621;07.04.1981;;;45;41;230 KELLEY STREET;Lake City;SC;29560;Wal-Mart
622;11/13/1984 ;03.01.2000;1;40;109;7800 N.W. EXPRESSWAY;Oklahoma City;OK;73132;Supercenter
623;8/21/1984 ;03.01.1996;1;12;71;545 PINE ISLAND RD;N. Ft. Meyers;FL;33903;Supercenter
624;07.04.1981;03.01.2000;1;45;71;2812 MAIN ST;Newberry;SC;29108;Supercenter
625;07.04.1981;03.01.1996;1;45;43;1310 NORTH FRASER;Georgetown;SC;29440;Supercenter
626;10.02.1984;;;48;165;2000 HOBBS HIGHWAY;Seminole;TX;79360;Wal-Mart
627;07.04.1981;;;45;33;536 RADFORD BLVD;Dillon;SC;29536;Wal-Mart
628;07.04.1981;03.01.2000;1;45;35;9880 DORCHESTER ROAD;Summerville;SC;29418;Supercenter
629;07.04.1981;;;45;87;441 N DUNCAN BYPASS/SUITE A;Union;SC;29379;Wal-Mart
630;03.01.1982;;;45;41;2530 DAVID H MCLEOD BLVD;Florence;SC;29501;Wal-Mart
631;07.04.1981;;;45;77;1023 SOUTH PENDELTON STREET;Easley;SC;29642;Wal-Mart
632;7/13/1982 ;;;45;19;1481 US HWY 17 NORTH;Mount Pleasant;SC;29464;Wal-Mart
633;10/23/1984 ;03.01.1995;1;17;73;730 TENNEY ST;Kewanee;IL;61443;Supercenter
634;07.04.1981;03.01.1998;1;45;55;2240 WEST DEKALB ST.;Camden;SC;29020;Supercenter
635;07.04.1981;3/14/2001 ;1;13;51;6000 OGEECHEE ROAD;Savannah (S);GA;31419;Supercenter
636;03.05.1985;10/16/2002 ;1;17;11;2111 CLAUDE BAILEY PKWY;Princeton;IL;61356;Supercenter
637;02.05.1985;3/17/2004 ;1;31;47;200 FRONTIER STREET;Lexington;NE;68850;Supercenter
638;07.04.1981;03.01.2000;1;45;21;165 WALTON DRIVE;Gaffney;SC;29341;Supercenter
639;07.04.1981;03.01.1997;1;13;127;150 ALTAMA CONNECTOR;Brunswick;GA;31525;Supercenter
640;07.04.1981;03.01.1998;1;45;45;1451 WOODRUFF ROAD;Greenville;SC;29607;Supercenter
641;07.04.1981;03.01.2000;1;45;45;6134 WHITE HORSE ROAD;Greenville;SC;29611;Supercenter
642;07.04.1981;;;45;25;801 CHESTERFIELD HWY;Cheraw;SC;29520;Wal-Mart
643;07.04.1981;03.01.1998;1;45;51;10820 N. KINGS HWY;Myrtle Beach;SC;29572;Supercenter
644;07.04.1981;03.01.1998;1;45;7;651 HWY 28 BYPASS;Anderson;SC;29624;Supercenter
645;08.02.1984;03.01.1996;1;31;119;2400 PASEWALK AVE;Norfolk;NE;68701;Supercenter
646;10/16/1984 ;;;19;105;102 CHAMBER DRIVE;Anamosa;IA;52205;Wal-Mart
647;02.05.1985;;;19;157;208 WEST STREET SOUTH;Grinnell;IA;50112;Wal-Mart
648;11/29/1984 ;;;29;183;1661 JUNGERMAN RD;St. Peters;MO;63304;Wal-Mart
649;8/21/1984 ;03.01.1996;1;12;9;3175 CHENEY HWY;Titusville;FL;32780;Supercenter
650;9/18/1984 ;;;51;195;1941 NEELEY ROAD;Big Stone Gap;VA;24219;Wal-Mart
651;6/29/1984 ;03.01.1995;1;48;245;4145 NORTH DOWLEN ROAD;Beaumont;TX;77706;Supercenter
652;10/16/1984 ;03.01.1997;1;20;55;3101 EAST KANSAS AVE;Garden City;KS;67846;Supercenter
653;07.04.1981;03.01.1995;1;21;47;300 CLINIC DRIVE;Hopinsville;KY;42240;Supercenter
655;4/28/1987 ;03.01.1995;1;21;107;1756  EAST CENTER ST;Madisonville;KY;42431;Supercenter
656;07.04.1981;5/21/2003 ;1;47;3;1880 NORTH MAIN ST;Shelbyville;TN;37160;Supercenter
657;07.04.1981;03.01.1994;1;47;141;768 SOUTH JEFFERSON AVE;Cookeville;TN;38501;Supercenter
658;07.04.1981;03.01.1994;1;13;115;2510 REDMOND CIRCLE;Rome;GA;30165;Supercenter
659;07.04.1981;03.01.1998;1;47;37;7044 CHARLOTTE PIKE;Nashville;TN;37209;Supercenter
660;07.04.1981;03.01.1995;1;1;33;517 WEST AVALON AVE;Muscle Shoals;AL;35661;Supercenter
661;07.04.1981;03.01.1996;1;1;83;1011 U.S. HWY 72 EAST;Athens;AL;35611;Supercenter
662;07.04.1981;03.01.2000;1;1;103;2800 SPRING AVN. S.W;Decatur;AL;35603;Supercenter
663;07.04.1981;6/15/2005 ;1;47;107;1815 DECATUR PIKE;Athens;TN;37303;Supercenter
664;10/30/1984 ;03.01.2000;1;20;51;4301 VINE STREET;Hays;KS;67601;Supercenter
665;07.04.1981;03.01.1996;1;21;217;725 CAMPBELLSVILLE BYPASS;Campbellsville;KY;42718;Supercenter
666;11/29/1984 ;03.01.1998;1;12;55;3525 US HWY 27 NORTH;Sebring;FL;33870;Supercenter
667;07.04.1981;03.01.1995;1;47;31;2111 NORTH JACKSON STREET;Tullahoma;TN;37388;Supercenter
668;07.04.1981;03.01.1996;1;47;177;915 NO. CHANCERY ST;McMinnville;TN;37110;Supercenter
669;07.04.1981;03.01.1996;1;13;313;2545 E WALNUT AVE;Dalton;GA;30721;Supercenter
670;07.04.1981;4/17/2002 ;1;1;43;626 OLIVE STREET SW;Cullman;AL;35055;Supercenter
671;07.04.1981;03.01.1995;1;47;189;615 S CUMBERLAND ST;Lebanon;TN;37087;Supercenter
672;07.04.1981;03.01.1996;1;47;9;1030 HUNTERS CROSSING DRIVE;Alcoa;TN;37701;Supercenter
673;06.02.1987;03.01.1995;1;47;125;3050 WILMA RUDOLPH BLVD;Clarksville;TN;37040;Supercenter
674;08.12.1981;03.01.1997;1;47;165;1112 NASHVILLE PIKE;Gallatin;TN;37066;Supercenter
675;07.04.1981;03.01.1995;1;47;131;1601 W REELFOOT AVE;Union City;TN;38261;Supercenter
676;07.04.1981;3/14/2001 ;1;47;145;1102 NO. GATEWAY AVE;Rockwood;TN;37854;Supercenter
677;07.04.1981;03.01.1994;1;47;45;2650 LAKE ROAD;Dyersburg;TN;38024;Supercenter
678;07.04.1981;03.01.1995;1;47;29;1075 COSBY HWY;Newport;TN;37821;Supercenter
680;07.04.1981;4/13/2005 ;1;47;59;3755 E ANDREW JOHNSON HWY;Greeneville;TN;37745;Supercenter
681;07.04.1981;03.01.1996;1;1;95;11697 U.S. HWY 431;Guntersville;AL;35976;Supercenter
682;07.04.1981;03.01.1995;1;47;149;2000 OLD FORT PARKWAY;Murfreesboro;TN;37129;Supercenter
683;07.04.1981;03.01.1996;1;47;99;2130 NO.LOCUST AVE;Lawrenceburg;TN;38464;Supercenter
684;07.04.1981;10/16/2002 ;1;47;77;547 WEST CHURCH ST.;Lexington;TN;38351;Supercenter
685;07.04.1981;7/18/2001 ;1;47;63;475 SO. DAVY CROCKETT PKWY;Morristown;TN;37813;Supercenter
686;02.05.1985;3/17/2004 ;1;13;17;120 BENJAMIN H HILL DR. SW;Fitzgerald;GA;31750;Supercenter
687;07.04.1981;03.01.1996;1;47;35;2542 NORTH MAIN STREET;Crossville;TN;38555;Supercenter
688;07.04.1981;;;47;37;5520 NOLENSVILLE PIKE;Nashville;TN;37211;Wal-Mart
689;07.04.1981;03.01.2000;1;21;199;177 WASHINGTON DRIVE;Somerset;KY;42503;Supercenter
690;07.04.1981;1/26/2005 ;1;47;19;1001 OVER MOUNTAIN AVENUE;Elizabethton;TN;37643;Supercenter
691;07.04.1981;03.01.1996;1;1;49;2001 GLENN BLDV SW;Fort Payne;AL;35968;Supercenter
692;07.04.1981;03.01.1995;1;21;21;100 WALTON AVE;Danville;KY;40422;Supercenter
693;7/16/1985 ;;;21;25;1589 KENTUCKY / HWY 15 SOUTH;Jackson;KY;41339;Wal-Mart
694;07.04.1981;;;21;101;2480 US HWY 41 NORTH;Henderson;KY;42420;Wal-Mart
695;07.04.1981;;;47;37;2232 GALLATIN PIKE NORTH;Nashville;TN;37115;Wal-Mart
696;09.10.1985;;;21;71;477 VILLAGE DRIVE;Prestonsburg;KY;41653;Wal-Mart
697;10/16/1984 ;4/18/2001 ;1;12;83;2600 SW 19TH AVE;Ocala;FL;34474;Supercenter
698;07.04.1981;03.01.1995;1;47;11;4495 KEITH ST N.W.;Cleveland;TN;37312;Supercenter
699;07.04.1981;8/14/2002 ;1;28;71;2530 WEST JACKSON AVENUE;Oxford;MS;38655;Supercenter
700;07.04.1981;03.01.1995;1;1;47;1501 HWY 14 EAST;Selma;AL;36703;Supercenter
701;07.04.1981;03.01.1997;1;21;59;5031 FREDERICA STREET;Owensboro;KY;42301;Supercenter
702;07.04.1981;03.01.1997;1;21;49;1859 BYPASS RD;Winchester;KY;40391;Supercenter
703;10/16/1984 ;03.01.1999;1;48;201;27650 TOMBALL PKWY;Tomball;TX;77375;Supercenter
705;9/18/1984 ;03.01.1997;1;12;69;17030 US HWY 441;Mount Dora;FL;32757;Supercenter
706;8/31/1984 ;9/18/2002 ;1;12;101;7631 GALL BOULEVARD;Zephyrhills;FL;33540;Supercenter
707;07.04.1981;1/26/2005 ;1;28;27;1000 SO. STATE STREET;Clarksdale;MS;38614;Supercenter
708;5/14/1985 ;03.01.1998;1;28;149;2150 IOWA BLVD;Vicksburg;MS;39180;Supercenter
709;07.04.1981;03.01.1996;1;21;93;100 WAL-MART DRIVE;Elizabethtown;KY;42701;Supercenter
710;07.04.1981;1/28/2004 ;1;47;37;4424 LEBANON PIKE;Hermitage;TN;37076;Supercenter
711;07.04.1981;4/13/2005 ;1;21;9;2345 HAPPY VALLEY ROAD;Glasgow;KY;42141;Supercenter
712;07.04.1981;03.01.1999;1;1;71;24833 JOHNT REIDPRKW;Scottsboro;AL;35768;Supercenter
713;10/23/1984 ;;;12;101;12650 HWY 301 SOUTH;Dade City;FL;33525;Wal-Mart
714;07.04.1981;03.01.1994;1;5;107;602 SHELIA STREET;West Helena5119;AR;72390;Supercenter
715;07.04.1981;03.01.1994;1;1;125;1501 SKYLAND BLVD E;Tuscaloosa;AL;35405;Supercenter
716;07.04.1981;;;28;83;2302 HWY 82 WEST;Greenwood;MS;38930;Wal-Mart
718;11/13/1984 ;5/19/2004 ;1;12;105;2120 US HWY 92 WEST;Auburndale;FL;33823;Supercenter
719;07.04.1981;03.01.1996;1;21;151;820 EASTERN BYPASS;Richmond;KY;40475;Supercenter
720;07.04.1981;03.01.1997;1;21;73;301 LEONARDWOOD DRIVE;Frankfort;KY;40601;Supercenter
721;1/22/1985 ;03.01.1995;1;12;15;19100 MURDOCK CIRCLE;Port Charlotte;FL;33948;Supercenter
722;07.04.1981;1/23/2006 ;1;13;45;1735 SOUTH PARK STREET;Carrollton;GA;30117;Supercenter
723;07.04.1981;03.01.1999;1;1;109;1420 US 231 SOUTH;Troy;AL;36081;Supercenter
724;11/13/1984 ;03.01.1995;1;47;89;630 EAST BROADWAY;Jefferson City;TN;37760;Supercenter
725;10/16/1984 ;03.01.1999;1;12;105;36205 US HIGHWAY 27;Haines City;FL;33844;Supercenter
726;07.04.1981;03.01.1996;1;1;123;2643 HWY 280 WEST;Alexander City;AL;35010;Supercenter
727;07.04.1981;;;13;233;109 DAVIS ROAD;Cedartown;GA;30125;Wal-Mart
728;1/22/1985 ;;;45;13;25 PEMBROKE DRIVE;Hilton Hd Island;SC;29926;Wal-Mart
729;07.04.1981;10/27/2004 ;1;21;179;3795 E. JOHN ROWAN BLVD;Bardstown;KY;40004;Supercenter
730;07.04.1981;03.01.1996;1;1;121;41301 U.S. HWY 280;Sylacauga;AL;35150;Supercenter
731;07.04.1981;1/23/2006 ;1;1;91;969 US HWY 80 WEST;Demopolis;AL;36732;Supercenter
733;07.04.1981;03.01.1997;1;1;17;3501 20TH AV;Valley;AL;36854;Supercenter
734;07.04.1981;03.01.1994;1;1;31;600 BOLL WEEVIL CIRCLE;Enterprise;AL;36330;Supercenter
735;07.04.1981;03.01.1995;1;47;51;2675 DECHERD BLVD;Winchester;TN;37398;Supercenter
736;07.04.1981;1/27/2006 ;1;21;141;120 SAM WALTON DRIVE;Russellville;KY;42276;Supercenter
737;07.04.1981;5/25/2005 ;1;47;117;1334 NO. ELLINGTON PARKWAY;Lewisburg;TN;37091;Supercenter
738;07.04.1981;;;47;5;190 HWY 641 NORTH;Camden;TN;38320;Wal-Mart
739;07.04.1981;03.01.1995;1;21;13;US HWY 441 HWY 25E;Middlesboro;KY;40965;Supercenter
740;07.04.1981;04.09.2003;1;1;45;1537 HWY 231 SOUTH;Ozark;AL;36360;Supercenter
741;07.04.1981;03.01.1998;1;47;105;911 HWY 321 NORTH;Lenoir City;TN;37771;Supercenter
742;8/31/1984 ;8/22/2001 ;1;47;163;2500 W STONE DRIVE;Kingsport;TN;37660;Supercenter
743;8/31/1984 ;4/17/2002 ;1;40;109;100 EAST I-240 SERVICE ROAD;Oklahoma City;OK;73149;Supercenter
744;10/16/1984 ;10/16/2002 ;1;48;201;6626 FM 1960 EAST;Atascocita;TX;77346;Supercenter
745;10.02.1984;03.01.1996;1;13;151;5600 N. HENRY BLVD.;Stockbridge;GA;30281;Supercenter
746;5/22/1984 ;03.01.2002;1;48;27;3401 S. 31ST STREET;Temple;TX;76502;Supercenter
747;02.05.1985;;;17;163;1511 CAMP JACKSON ROAD;Cahokia;IL;62206;Wal-Mart
748;02.05.1985;03.01.1999;1;19;99;300 EAST 31ST STREET SOUTH;Newton;IA;50208;Supercenter
749;07.02.1985;;;19;169;3015 GRAND AVE;Ames;IA;50010;Wal-Mart
750;10.02.1984;1/23/2006 ;1;19;19;302 ENTERPRISE DRIVE SW;Independence;IA;50644;Supercenter
751;10/16/1984 ;;;19;125;403 EAST OSKALOOSA;Pella;IA;50219;Wal-Mart
752;3/20/1984 ;10/27/2004 ;1;48;201;5200 FAIRMONT PKWY.;Pasadena;TX;77505;Supercenter
753;06.05.1984;10/29/2003 ;1;19;13;525 BRANDILYNN BLVD;Cedar Falls;IA;50613;Supercenter
754;04.03.1984;03.01.1996;1;13;31;730 NORTHSIDE DRIVE EAST;Statesboro;GA;30458;Supercenter
755;05.01.1984;03.01.1994;1;48;381;4610 SOUTH COULTER;Amarillo;TX;79121;Supercenter
756;4/17/1984 ;3/17/2004 ;1;13;55;13427 HWY 27;Summerville;GA;30753;Supercenter
757;10.02.1984;03.01.1999;1;48;13;2151 WEST OAKLAWN;Pleasanton;TX;78064;Supercenter
758;11/13/1984 ;03.01.1995;1;13;261;1711 E LAMAR STREET;Americus;GA;31709;Supercenter
759;10/16/1984 ;7/18/2001 ;1;12;49;1480 US HWY 17 N;Wauchula;FL;33873;Supercenter
760;02.05.1985;;;21;27;US 60;Hardinsburg;KY;40143;Wal-Mart
761;4/30/1985 ;;;22;57;4876 HWY 1 SOUTH;Mathews;LA;70375;Wal-Mart
762;11/13/1984 ;1/28/2004 ;1;1;73;9248 PARKWAY EAST;Birmingham;AL;35206;Supercenter
763;11/13/1984 ;;;1;73;7100 AARON ARONOV DRIVE;Fairfield;AL;35064;Wal-Mart
764;11/13/1984 ;03.01.1995;1;1;73;750 ACADEMY DRIVE;Bessemer;AL;35022;Supercenter
765;11/29/1984 ;03.01.2002;1;48;29;16503 NACOGDOCHES ROAD;San Antonio;TX;78247;Supercenter
766;11/13/1984 ;03.01.1996;1;1;77;3100 HOUGH RD;Florence;AL;35630;Supercenter
767;1/22/1985 ;03.01.1995;1;12;23;2767 W US HWY 90;Lake City;FL;32055;Supercenter
768;10/23/1984 ;5/23/2001 ;1;48;201;1313 FRY ROAD;Katy;TX;77449;Supercenter
769;06.04.1985;03.01.1995;1;12;115;4150 S TAMIAMI TRAIL;Venice;FL;34293;Supercenter
770;4/30/1985 ;4/14/2004 ;1;20;9;3503 TENTH STREET;Great Bend;KS;67530;Supercenter
771;5/21/1985 ;03.01.1995;1;12;9;1500 E MERRITT ISLAND CSWY;Merritt Island;FL;32952;Supercenter
772;10/22/1985 ;10/29/2003 ;1;48;201;3506 S. HWY 6 SOUTH;Houston;TX;77082;Supercenter
773;8/30/1985 ;;;22;97;1960 W. LAUREL STREET;Eunice;LA;70535;Wal-Mart
774;4/30/1985 ;4/13/2005 ;1;31;141;818 EAST 23RD ST.;Columbus;NE;68601;Supercenter
775;10.01.1985;;;17;95;2031 NATIONAL BLVD;Galesburg;IL;61401;Wal-Mart
776;06.04.1985;03.01.1996;1;31;53;3010 E  23RD AVE N;Fremont;NE;68025;Supercenter
777;07.02.1985;03.01.1996;1;48;361;3115 EDGAR BROWN DR;West Orange;TX;77630;Supercenter
778;5/21/1985 ;;;12;15;3811 TAMIAMI TRAIL;Punta Gorda;FL;33950;Wal-Mart
779;4/30/1985 ;;;12;105;3501 S FLORIDA AVE;Lakeland;FL;33803;Wal-Mart
780;5/21/1985 ;5/19/2004 ;1;13;297;2050 WEST SPRING ST;Monroe;GA;30655;Supercenter
781;7/16/1985 ;03.01.1995;1;48;53;2700 HIGHWAY 281 NORTH;Marble Falls;TX;78654;Supercenter
782;8/20/1985 ;10/27/2004 ;1;48;463;3100 EAST MAIN;Uvalde;TX;78801;Supercenter
783;07.02.1985;;;29;121;705 EAST BRIGGS DRIVE;Macon;MO;63552;Wal-Mart
784;4/30/1985 ;3/17/2004 ;1;19;87;1045 NO. GRAND AVENUE;Mt. Pleasant;IA;52641;Supercenter
785;06.04.1985;04.10.2002;1;28;153;1350 AZALEA DRIVE;Waynesboro;MS;39367;Supercenter
786;12/31/1985 ;03.01.1997;1;17;37;2300 SYCAMORE ROAD;De Kalb;IL;60115;Supercenter
787;7/30/1985 ;10/20/2004 ;1;13;63;7050 HIGHWAY 85;Riverdale;GA;30274;Supercenter
788;09.10.1985;4/18/2001 ;1;5;141;1966 HWY 65 SOUTH;Clinton;AR;72031;Supercenter
789;10/29/1985 ;03.01.1999;1;48;113;200 U.S. HWY 80 EAST;Mesquite;TX;75149;Supercenter
790;7/16/1985 ;03.01.1995;1;31;145;1902 WEST B;McCook;NE;69001;Supercenter
791;7/16/1985 ;5/19/2004 ;1;48;249;2701 EAST MAIN;Alice;TX;78332;Supercenter
792;07.02.1985;;;17;131;1500 SE 5TH STREET;Aledo;IL;61231;Wal-Mart
793;10.01.1985;3/23/2005 ;1;48;381;1701 NORTH 23RD ST;Canyon;TX;79015;Supercenter
794;7/16/1985 ;10/23/2002 ;1;20;155;1905 E 17TH STREET;Hutchinson;KS;67501;Supercenter
795;5/14/1985 ;03.01.1997;1;45;11;11391 DUNBARTON BLVD;Barnwell;SC;29812;Supercenter
796;04.01.1986;;;17;99;1650 38TH STREET;Peru;IL;61354;Wal-Mart
797;09.10.1985;03.01.1997;1;19;57;324 WEST AGENCY ROAD;Burlington;IA;52655;Supercenter
798;8/30/1985 ;;;17;23;1608 IL HWY #1;Marshall;IL;62441;Wal-Mart
799;07.02.1985;03.01.1998;1;20;175;250 EAST TUCKER ROAD;Liberal;KS;67901;Supercenter
800;09.10.1985;03.01.1998;1;12;69;2501 N CITRUS BLVD;Leesburg;FL;34748;Supercenter
801;10.08.1985;03.01.2000;1;29;147;1605 S MAIN ST;Maryville;MO;64468;Supercenter
802;7/16/1985 ;;;55;45;424 WEST 8TH STREET;Monroe;WI;53566;Wal-Mart
803;8/30/1985 ;;;22;117;218 CUMBERLAND;Bogalusa;LA;70427;Wal-Mart
804;8/30/1985 ;8/24/2005 ;1;48;363;601 NO. FM 1821;Mineral Wells;TX;76067;Supercenter
805;09.02.1983;;;29;189;653 GRAVOIS BLUFFS BLVD;Fenton;MO;63026;Wal-Mart
806;8/30/1985 ;03.01.1998;1;35;13;571 S. WALTON BLVD.;Las Cruces;NM;88001;Supercenter
807;10/29/1985 ;03.01.1999;1;48;439;6401 NE LOOP 820;North Richland Hills;TX;76180;Supercenter
808;11.12.1985;03.01.1994;1;48;39;121 HWY 332 WEST;Lake Jackson;TX;77566;Supercenter
809;8/30/1985 ;03.01.1997;1;1;15;92 PLAZA LANE;Oxford;AL;36203;Supercenter
810;06.04.1985;7/17/2002 ;1;19;33;4151 FOURTH STREET SW;Mason City;IA;50401;Supercenter
811;7/16/1985 ;3/19/2003 ;1;12;27;2725 SOUTHEAST HWY 70;Arcadia;FL;34266;Supercenter
812;7/16/1985 ;3/17/2004 ;1;48;341;2003 SOUTH DUMAS AVENUE;Dumas;TX;79029;Supercenter
813;10.08.1985;03.01.1994;1;48;49;401 W COMMERCE;Brownwood;TX;76801;Supercenter
814;7/16/1985 ;03.01.1999;1;12;93;2101 SOUTH PARROT AVE;Okeechobee;FL;34974;Supercenter
815;8/30/1985 ;03.01.1996;1;29;29;4252 HWY 54;Osage Beach;MO;65065;Supercenter
816;10.08.1985;03.01.1994;1;28;85;960 BROOKWAY BLVD;Brookhaven;MS;39601;Supercenter
817;10.08.1985;03.01.1996;1;12;97;4444 WEST VINE;Kissimmee;FL;34746;Supercenter
818;12/31/1985 ;03.01.1996;1;12;5;10270 FRONT BEACH RD;Panama City Beach;FL;32407;Supercenter
819;7/30/1985 ;03.01.1995;1;12;71;1619 DEL PRADO BLVD;Cape Coral;FL;33990;Supercenter
820;8/30/1985 ;;;29;53;1920 MAIN STREET;Boonville;MO;65233;Wal-Mart
821;10/16/1985 ;03.01.1998;1;35;9;3728 N PRINCE STREET;Clovis;NM;88101;Supercenter
822;1/21/1986 ;03.01.1994;1;48;375;3700 I-40 EAST;Amarillo;TX;79103;Supercenter
823;11.12.1985;03.01.1994;1;40;71;1101 EAST PROSPECT;Ponca City;OK;74601;Supercenter
824;07.02.1985;;;35;1;8000 ACADEMY ROAD NE;Albuquerque;NM;87111;Wal-Mart
825;8/19/1986 ;7/20/2005 ;1;21;137;1283 US HIGHWAY 27 NORTH;Stanford;KY;40484;Supercenter
826;07.02.1985;3/13/2002 ;1;35;45;4600 EAST MAIN;Farmington;NM;87402;Supercenter
827;8/30/1985 ;03.01.1996;1;48;467;603 HWY 243 EAST;Canton;TX;75103;Supercenter
828;10/22/1985 ;10/26/2005 ;1;18;63;2373 E MAIN STREET;Indianapolis;IN;46168;Supercenter
829;07.02.1985;;;35;49;3251 CERILLOS RD;Santa Fe;NM;87505;Wal-Mart
830;1/21/1986 ;;;17;195;1901 FIRST AVENUE;Rock Falls;IL;61071;Wal-Mart
831;07.02.1985;4/23/2003 ;1;35;1;301 SAN MATEO BLVD SE;Albuquerque;NM;87108;Supercenter
833;10.08.1985;10/30/2002 ;1;17;193;1344 ILLINOIS HWY #1;Carmi;IL;62821;Supercenter
834;11.12.1985;10/27/2004 ;1;29;81;810 SO. 37TH ST.;Bethany;MO;64424;Supercenter
835;07.02.1985;09.03.2002;1;35;1;400 EUBANK BLVD NE;Albuquerque;NM;87123;Supercenter
836;7/30/1985 ;03.01.2004;1;13;39;6586 HWY 40 EAST;St. Marys;GA;31558;Supercenter
837;10.01.1985;;;29;149;333 EAST WALNUT;Thayer;MO;65791;Wal-Mart
838;1/21/1986 ;8/20/2003 ;1;40;143;220 SO. STATE HWY 97;Sand Springs;OK;74063;Supercenter
839;11.12.1985;1/28/2004 ;1;22;33;9350 CORTANA PLACE;Baton Rouge;LA;70815;Supercenter
841;10.01.1985;;;19;31;1126 HIGHWAY 38 NORTH;Tipton;IA;52772;Wal-Mart
842;10.01.1985;03.01.1998;1;8;101;4200 DILLION DRIVE;Pueblo;CO;81008;Supercenter
843;09.10.1985;;;13;205;131 N US 19 AND SYLVESTER RD;Camilla;GA;31730;Wal-Mart
844;09.02.1986;03.01.1998;1;17;63;333 EAST ROUTE 6;Morris;IL;60450;Supercenter
845;10.01.1985;;;29;59;1250 WEST DALLAS;Buffalo;MO;65622;Wal-Mart
846;10/15/1985 ;;;48;149;2125 WEST TRAVIS;Lagrange;TX;78945;Wal-Mart
847;9/17/1985 ;;;55;49;1209 JOSEPH ST;Dodgeville;WI;53533;Wal-Mart
848;11.12.1985;03.01.1998;1;28;33;6811 SOUTHCREST PKWY;Southaven;MS;38671;Supercenter
849;02.04.1986;03.01.1999;1;48;201;155 L0UETTA CROSSING;Spring;TX;77373;Supercenter
850;07.02.1985;5/19/2004 ;1;35;1;2701 CARLISLE BLVD NE;Albuquerque;NM;87110;Supercenter
851;03.04.1986;03.01.1998;1;35;27;1800 W HWY 70;Ruidoso;NM;88346;Supercenter
852;12/31/1985 ;;;17;99;2901 N COLUMBUS;Ottawa;IL;61350;Wal-Mart
853;8/20/1985 ;03.01.1997;1;1;97;685 SCHILLINGER RD;Mobile;AL;36695;Supercenter
854;1/21/1986 ;10/30/2002 ;1;18;23;2460 EAST WABASH;Frankfort;IN;46041;Supercenter
855;1/21/1986 ;6/15/2005 ;1;13;121;4375 JONESBORO ROAD;Union City;GA;30291;Supercenter
856;10.01.1985;8/20/2003 ;1;13;143;404 HWY 27 NO. BYPASS;Bremen;GA;30110;Supercenter
857;10.01.1985;5/22/2002 ;1;12;117;3653 ORLANDO DR;Sanford;FL;32773;Supercenter
858;11.12.1985;3/23/2005 ;1;13;131;361 8TH AVENUE NE;Cairo;GA;39828;Supercenter
859;11.12.1985;03.01.1999;1;12;105;2000 STATE ROAD 60 EAST;Lake Wales;FL;33898;Supercenter
860;12/31/1985 ;10/29/2003 ;1;12;127;1699 NO. WOODLAND BLVD;Deland;FL;32720;Supercenter
861;11.12.1985;03.01.1996;1;48;303;4215 SOUTH LOOP 289;Lubbock;TX;79423;Supercenter
862;12/31/1985 ;03.01.2000;1;13;179;751 W OGLETHORPE HWY;Hinesville;GA;31313;Supercenter
863;10/15/1985 ;3/17/2004 ;1;1;111;4180 US HWY 431;Roanoke;AL;36274;Supercenter
864;10/29/1985 ;03.01.2000;1;13;279;3109 EAST 1ST STREET;Vidalia;GA;30474;Supercenter
865;1/21/1986 ;03.01.1996;1;48;91;1209 IH-35 SOUTH;New Braunfalls;TX;78130;Supercenter
866;6/30/1988 ;03.01.1998;1;1;97;5245 SER RD SOUTH;Mobile;AL;36619;Supercenter
867;03.05.1986;10/30/2002 ;1;31;157;"3322 AVENUE ""I""";Scottsbluff;NE;69361;Supercenter
868;03.05.1986;03.01.1999;1;35;15;2401 S. CANAL ST;Carlsbad;NM;88220;Supercenter
869;1/21/1986 ;4/18/2001 ;1;8;3;3333 CLARK STREET;Alamosa;CO;81101;Supercenter
870;10/22/1985 ;03.01.1999;1;18;37;4040 NEWTON STREET;Jasper;IN;47546;Supercenter
871;10.01.1985;;;29;91;101 W HIGHWAY 60;Mountain View;MO;65548;Wal-Mart
872;04.01.1986;9/14/2005 ;1;48;39;1919 NORTH MAIN;Pearland;TX;77581;Supercenter
873;03.04.1986;;;35;55;926 PASEO DEL PUEBLO SUR;Taos;NM;87571;Wal-Mart
874;11.12.1985;03.01.1995;1;28;1;314 SGT. S. PRENTISS DR.;Natchez;MS;39120;Supercenter
875;4/29/1986 ;10/20/2004 ;1;28;89;815 S. WHEATLEY ROAD;Ridgeland;MS;39157;Supercenter
876;4/29/1986 ;;;22;85;155 SAN ANTONIO AVE;Many;LA;71449;Wal-Mart
877;03.04.1986;03.01.2000;1;37;179;2406 W ROOSEVELT BLV;Monroe;NC;28110;Supercenter
878;10/29/1985 ;03.01.1997;1;13;117;1500 MARKETPLACE BLVD.;Cummings;GA;30041;Supercenter
879;12/31/1985 ;03.01.2000;1;47;111;419 HWY 52 BYPASS W;Lafayette;TN;37083;Supercenter
880;11.11.1986;10/29/2003 ;1;48;113;4100 WEST AIRPORT FREEWAY;Irving;TX;75061;Supercenter
881;11.12.1985;03.01.1997;1;45;63;5556 SUNSET BLVD;Lexington;SC;29072;Supercenter
882;02.04.1986;3/20/2002 ;1;55;23;38020 U.S. HIGHWAY 18;Prairie du Chien;WI;53821;Supercenter
883;02.04.1986;10/26/2005 ;1;48;489;14091 FM 490;Raymondville;TX;78580;Supercenter
884;3/18/1986 ;10/29/2003 ;1;18;145;2500 PROGRESS PARKWAY;Shelbyville;IN;46176;Supercenter
885;04.01.1986;4/13/2005 ;1;31;159;1326 280TH ROAD;Seward;NE;68434;Supercenter
886;03.11.1986;03.01.1998;1;19;187;3036 1ST AVE. SOUTH;Ft. Dodge;IA;50501;Supercenter
887;02.03.1987;5/15/2002 ;1;28;35;805 HIGHWAY 42;Petal;MS;39465;Supercenter
888;6/17/1986 ;;;29;13;1005 W FT SCOTT;Butler;MO;64730;Wal-Mart
889;03.11.1986;03.01.1996;1;13;275;15328 US 19 SOUTH;Thomasville;GA;31757;Supercenter
890;5/20/1986 ;03.01.1999;1;12;95;11250 E. COLONIAL DR;Orlando;FL;32817;Supercenter
891;02.03.1987;03.01.1998;1;17;195;4115 E LINCOLN WAY;Sterling;IL;61081;Supercenter
892;03.11.1986;03.01.1999;1;19;153;1002 SE NATIONAL DR;Ankeny;IA;50021;Supercenter
893;06.03.1986;;;40;49;401 LINWOOD PLAZA;Lindsay;OK;73052;Wal-Mart
894;08.05.1986;;;40;143;7777 EAST 42ND PLACE SOUTH;Tulsa;OK;74145;Wal-Mart
895;07.01.1986;;;29;55;100 OZARK DR;Cuba;MO;65453;Wal-Mart
896;09.02.1986;6/20/2001 ;1;48;439;2225 W INTERSTATE 20;Grand Prairie;TX;75052;Supercenter
897;03.05.1986;;;48;371;1700 WEST DICKINSON;Ft. Stockton;TX;79735;Wal-Mart
898;5/20/1986 ;;;48;389;1903 SOUTH CEDAR;Pecos;TX;79772;Wal-Mart
899;06.03.1986;8/25/2004 ;1;13;185;340 NORMAN DRIVE;Valdosta;GA;31601;Supercenter
900;06.03.1986;;;48;75;2211 AVENUE F NORTHWEST;Childress;TX;79201;Wal-Mart
901;3/18/1986 ;03.01.1995;1;48;187;550 SOUTH 123 BYPASS;Sequin;TX;78155;Supercenter
902;03.04.1986;5/16/2001 ;1;18;133;1750 E INDIANAPOLIS;Greencastle;IN;46135;Supercenter
903;4/29/1986 ;03.01.1998;1;28;49;2711 GREENWAY DRIVE;Jackson;MS;39204;Supercenter
904;1/21/1986 ;03.01.1994;1;1;3;2200 SOUTH MCKENZIE ST;Foley;AL;36535;Supercenter
905;06.10.1986;;;8;13;800 SOUTH HOVER ROAD;Longmont;CO;80501;Wal-Mart
906;7/15/1986 ;03.01.1999;1;35;31;1650 WEST MALONEY AVE.;Gallup;NM;87301;Supercenter
907;4/29/1986 ;;;13;207;120 NORTH LEE STREET;Forsyth;GA;31029;Wal-Mart
908;7/15/1986 ;03.01.1999;1;12;95;8101 SOUTH JOHN YOUNG PARKWAY;Orlando;FL;32819;Supercenter
909;06.10.1986;6/15/2005 ;1;22;87;8101 W. JUDGE PEREZ DR.;Chalmette;LA;70043;Supercenter
910;03.04.1986;5/19/2004 ;1;55;127;201 SOUTH EDWARDS BOULEVARD;Lake Geneva;WI;53147;Supercenter
911;06.10.1986;4/16/2003 ;1;22;51;4810 LAPALCO BLVD;Harvey;LA;70072;Supercenter
912;06.10.1986;;;22;71;6901 BUNDY RD;New Orleans;LA;70127;Wal-Mart
913;3/18/1986 ;1/28/2004 ;1;19;191;1798 OLD STAGE ROAD;Decorah;IA;52101;Supercenter
914;07.08.1986;;;29;9;1011 OLD EXETER ROAD;Cassville;MO;65625;Wal-Mart
915;08.05.1986;03.01.1999;1;48;157;11210 W AIRPORT BLVD;Stafford;TX;77477;Supercenter
916;08.12.1986;03.01.1994;1;28;73;6072 U.S. HIGHWAY 98;Hattiesburg;MS;39402;Supercenter
917;07.08.1986;;;48;307;2309 SOUTH BRIDGE;Brady;TX;76825;Wal-Mart
918;04.01.1986;03.01.1994;1;48;203;1701 EAST END BLVD N;Marshall;TX;75670;Supercenter
919;6/17/1986 ;03.01.1998;1;12;91;748 BEAL PKWY N.W.;Ft. Walton Beach;FL;32547;Supercenter
921;03.05.1986;03.01.1997;1;8;15;7865 WEST HWY 50;Salida;CO;81201;Supercenter
922;6/17/1986 ;03.01.1994;1;18;61;2363 HWY 135 NW;Corydon;IN;47112;Supercenter
923;4/29/1986 ;03.01.1998;1;18;57;16865 CLOVER ROAD;Noblesville;IN;46060;Supercenter
924;03.11.1986;03.01.1995;1;8;75;1510 WEST MAIN;Sterling;CO;80751;Supercenter
925;03.11.1986;;;12;57;11720 DR MARTIN L KING JR BLVD;Seffner;FL;33584;Wal-Mart
926;9/16/1986 ;;;48;47;RT 2/BOX 200/US HWY 281 SOUTH;Falfurrias;TX;78355;Wal-Mart
927;08.05.1986;7/21/2004 ;1;48;189;1501 NORTH I-27;Plainview;TX;79072;Supercenter
929;8/19/1986 ;10/16/2002 ;1;12;111;10855 SO. US HWY #1;Port St. Lucie;FL;34952;Supercenter
930;07.01.1986;03.01.1999;1;1;101;3801 EASTERN BLVD;Montgomery;AL;36116;Supercenter
931;09.02.1986;03.01.1997;1;12;61;5555 20TH STREET;Vero Beach;FL;32966;Supercenter
932;7/15/1986 ;1/22/2003 ;1;13;255;1569 NORTH EXPRESSWAY;Griffin;GA;30223;Supercenter
933;9/30/1986 ;;;17;141;1240 NORTH 7TH STREET;Rochelle;IL;61068;Wal-Mart
934;7/15/1986 ;03.01.1995;1;1;3;27520 HWY 98;Daphne;AL;36526;Supercenter
935;9/30/1986 ;03.01.1999;1;22;63;904 SOUTH RANGE AVENUE;Denham Springs;LA;70726;Supercenter
936;11/18/1986 ;03.01.2002;1;17;49;1204 AVENUE OF MID-AMERICA;Effingham;IL;62401;Supercenter
937;09.02.1986;5/25/2005 ;1;13;67;2795 CHASTAIN MEADOWS PKWY NW;Kennesaw;GA;30066;Supercenter
938;07.01.1986;03.01.2002;1;1;101;6495 ATLANTA HWY;Montgomery;AL;36117;Supercenter
939;09.02.1986;03.01.1998;1;48;309;4320 FRANKLIN AVE;Waco;TX;76710;Supercenter
940;7/15/1986 ;;;48;439;1401 SOUTH CHERRY LANE;White Settlement;TX;76108;Wal-Mart
941;9/30/1986 ;;;12;57;949 EAST BLOOMINGDALE AVE.;Brandon;FL;33511;Wal-Mart
942;7/15/1986 ;8/14/2002 ;1;12;95;10500 WEST COLONIAL DRIVE;Ocoee;FL;34761;Supercenter
943;9/30/1986 ;05.11.2005;1;12;117;1241 STATE ROAD 436;Casselberry;FL;32707;Supercenter
944;6/17/1986 ;03.01.1994;1;12;91;3351 S FERDON BLVD;Crestview;FL;32539;Supercenter
945;07.01.1986;03.01.1995;1;48;303;702 WEST LOOP 289;Lubbock;TX;79416;Supercenter
946;02.03.1987;;;29;223;#15 HALS PLAZA DR;Piedmont;MO;63957;Wal-Mart
947;8/19/1986 ;03.01.1995;1;48;181;401 EAST HWY 82;Sherman;TX;75090;Supercenter
948;05.12.1987;04.06.2005;1;37;35;2525 HWY 70 SE;Hickory;NC;28602;Supercenter
949;09.02.1986;3/17/2004 ;1;48;113;3155 W. WHEATLAND  ROAD;Duncanville;TX;75237;Supercenter
950;09.02.1986;03.01.1998;1;47;157;8400 HIGHWAY 64;Memphis;TN;38133;Supercenter
951;09.02.1986;;;48;473;625 HWY 290 EAST;Hempstead;TX;77445;Wal-Mart
952;09.09.1986;03.01.1997;1;13;71;641 EAST BYPASS S.E.;Moultrie;GA;31768;Supercenter
953;08.12.1986;4/17/2002 ;1;8;69;1325 NORTH DENVER AVE;Loveland;CO;80537;Supercenter
954;9/30/1986 ;;;28;29;110 MARKET PLACE;Hazlehurst;MS;39083;Wal-Mart
955;09.02.1986;03.01.1998;1;12;95;1700 S ORG BLSMTRAIL;Apopka;FL;32703;Supercenter
956;8/19/1986 ;;;12;9;1001 EAST EAU GALLIE BLVD;Melbourne;FL;32937;Wal-Mart
957;9/16/1986 ;;;17;73;125 EAST BESTER DRIVE;Geneseo;IL;61254;Wal-Mart
958;11.11.1986;;;55;43;1535 BUSINESS 151;Platteville;WI;53818;Wal-Mart
959;09.09.1986;10/16/2002 ;1;12;119;2163 WEST C-48;Bushnell;FL;33513;Supercenter
960;09.09.1986;10/16/2002 ;1;12;83;11012 NO. WILLIAMS ST.;Dunnellon;FL;34432;Supercenter
961;02.03.1987;10/20/2004 ;1;22;95;1616 W AIRLINE HWY;La Place;LA;70068;Supercenter
962;9/16/1986 ;03.01.1998;1;8;71;2921 TOUPAL DRIVE;Trinidad;CO;81082;Supercenter
963;1/13/1987 ;03.01.1994;1;48;367;1836 S. MAIN STREET;Weatherford;TX;76086;Supercenter
964;02.03.1987;03.01.2004;1;48;141;9441 ALAMEDA AVE;El Paso;TX;79907;Supercenter
965;9/16/1986 ;03.01.2002;1;55;81;222 WEST MCCOY BLVD;Tomah;WI;54660;Supercenter
966;09.09.1986;03.01.2000;1;8;83;1835 EAST MAIN ST;Cortez;CO;81321;Supercenter
967;9/16/1986 ;4/16/2003 ;1;12;53;1485 COMMERCIAL WAY;Springhill;FL;34606;Supercenter
968;08.05.1986;;;12;105;355 CYPRESS GARDEN BLVD;Winter Haven;FL;33880;Wal-Mart
969;11/18/1986 ;03.01.1996;1;28;47;9350-A HIGHWAY 49;Gulfport;MS;39503;Supercenter
970;11/18/1986 ;03.01.1996;1;28;109;235 FRONTAGE RD;Picayune;MS;39466;Supercenter
971;10/28/1986 ;03.01.2000;1;55;123;1133 NORTH MAIN ST;Viroqua;WI;54665;Supercenter
972;02.03.1987;03.01.2000;1;48;439;6360 LAKE WORTH BLVD;Lake Worth;TX;76135;Supercenter
973;8/18/1987 ;03.01.1998;1;12;111;5100 OKEECHOBEE ROAD;Fort Pierce;FL;34947;Supercenter
974;11.11.1986;03.01.1998;1;12;9;845 PALM BAY ROAD;Melbourne;FL;32904;Supercenter
975;11.11.1986;9/18/2002 ;1;40;13;3712 WEST MAIN;Durant;OK;74701;Supercenter
976;11/18/1986 ;03.01.1996;1;22;41;3360 FRONT STREET;Winnsboro;LA;71295;Supercenter
977;11.11.1986;;;12;89;1757 SOUTH 14TH STREET;Fernandina Beach;FL;32034;Wal-Mart
978;1/13/1987 ;;;20;35;2715 NORTH SUMMIT;Arkansas City;KS;67005;Wal-Mart
979;11/18/1986 ;9/17/2003 ;1;55;81;1600 WEST WISCONSIN ST.;Sparta;WI;54656;Supercenter
980;11/18/1986 ;03.01.1994;1;8;123;3103 23RD AVENUE;Greeley;CO;80631;Supercenter
981;11/18/1986 ;03.01.2002;1;28;75;1733 2ND STREET SOUTH;Meridian;MS;39301;Supercenter
982;11/18/1986 ;3/14/2001 ;1;27;147;1130 W FRONTAGE RD;Owatonna;MN;55060;Supercenter
983;02.03.1987;;;27;43;1210 GIANT DRIVE;Blue Earth;MN;56013;Wal-Mart
984;11/18/1986 ;03.01.2000;1;8;35;4400 FRONT STREET;Castle Rock;CO;80104;Supercenter
985;11.11.1986;;;19;101;1800 W. BURLINGTON AVE.;Fairfield;IA;52556;Wal-Mart
986;02.03.1987;;;8;117;840 SUMMIT BLVD.;Frisco;CO;80443;Wal-Mart
987;3/31/1987 ;03.01.1995;1;12;71;14821 SIX MILE CYPRESS PKWY;Ft. Myers;FL;33912;Supercenter
988;1/13/1987 ;;;12;101;21703 VILLAGE LAKES SHP/CTR;Land 'O' Lakes;FL;34639;Wal-Mart
989;11.11.1986;;;22;51;8843 VETERANS MEMORIAL BLVD;Metairie;LA;70003;Wal-Mart
990;9/16/1986 ;03.01.2000;1;12;113;4965 HIGHWAY 90;Milton;FL;32571;Supercenter
991;11.11.1986;5/15/2002 ;1;1;97;101 SOUTH BELTLINE HIGHWAY;Mobile;AL;36606;Supercenter
992;02.03.1987;03.01.1994;1;40;143;2019 EAST 81ST ST SOUTH;Tulsa (SW);OK;74137;Supercenter
993;11/18/1986 ;3/17/2004 ;1;20;113;205 SO. CENTENNIAL DRIVE;McPherson;KS;67460;Supercenter
994;02.03.1987;03.01.2002;1;12;101;8745 STATE ROAD 54;New Port Richey;FL;34655;Supercenter
995;02.03.1987;03.01.1996;1;18;81;2125 NORTH MORTON ST.;Franklin;IN;46131;Supercenter
996;02.03.1987;;;18;119;823 WEST STATE HIGHWAY 46;Spencer;IN;47460;Wal-Mart
1000;02.03.1987;;;48;61;2721 BOCA CHICA BLVD;Brownsville;TX;78521;Wal-Mart
1001;02.03.1987;07.10.2002;1;8;101;4080 WEST NORTHERN AVE.;Pueblo;CO;81005;Supercenter
1002;03.03.1987;03.01.1996;1;18;55;2251 E. STATES HWY 54;Linton;IN;47441;Supercenter
1003;02.03.1987;03.01.1996;1;17;93;6800 WEST ROUTE 34;Plano;IL;60545;Supercenter
1004;3/31/1987 ;03.01.1996;1;12;81;5315 CORTEZ RD WEST;Brandenton;FL;34210;Supercenter
1005;03.03.1987;;;19;17;1201 4TH S.W.;Waverly;IA;50677;Wal-Mart
1006;10/28/1986 ;03.01.1998;1;13;81;1215 EAST 16TH;Cordele;GA;31015;Supercenter
1007;02.03.1987;03.01.2000;1;55;103;2401 HWY 14 EAST;Richland Center;WI;53581;Supercenter
1008;03.03.1987;;;8;69;4625 SOUTH MASON;Fort Collins;CO;80525;Wal-Mart
1009;3/31/1987 ;9/18/2002 ;1;29;77;1150 US HWY 60 EAST;Republic;MO;65738;Supercenter
1010;11/18/1986 ;7/20/2005 ;1;37;153;720 E HIGHWAY 74 BUSINESS;Rockingham;NC;28379;Supercenter
1011;11.11.1986;03.01.1996;1;13;103;434 SOUTH COLUMBIA AVE;Rincon;GA;31326;Supercenter
1012;05.12.1987;8/25/2004 ;1;55;27;120 FRANCES LANE;Beaver Dam;WI;53916;Supercenter
1013;03.03.1987;;;18;165;1795 EAST STATE ROAD 163;Clinton;IN;47842;Wal-Mart
1014;11/18/1986 ;;;29;95;4000 SOUTH BOLGER DR;Independence;MO;64055;Wal-Mart
1015;3/31/1987 ;03.01.1998;1;48;141;7555 N. MESA;El Paso;TX;79912;Supercenter
1016;4/28/1987 ;03.01.2000;1;22;57;410 N CANAL BLVD;Thibodaux;LA;70301;Supercenter
1017;03.03.1987;;;45;27;481 WEST BOYCE STREET;Manning;SC;29102;Wal-Mart
1018;06.02.1987;4/13/2005 ;1;13;91;1099 INDIAN DRIVE;Eastman;GA;31023;Supercenter
1019;05.12.1987;03.01.1999;1;8;43;3105 HWY 50 EAST;Canon City;CO;81212;Supercenter
1020;06.02.1987;10/29/2003 ;1;27;47;1550 BLAKE AVENUE;Albert Lea;MN;56007;Supercenter
1021;05.12.1987;7/21/2004 ;1;29;219;500 WARREN COUNTY CENTER;Warrenton;MO;63383;Supercenter
1022;6/16/1987 ;6/16/2004 ;1;48;423;3820 HWY 64 WEST;Tyler;TX;75704;Supercenter
1023;3/31/1987 ;03.01.1999;1;51;640;1140 EAST STUART DRIVE;Galax;VA;24333;Supercenter
1024;4/28/1987 ;4/13/2005 ;1;13;107;414 SO. MAIN ST.;Swainsboro;GA;30401;Supercenter
1025;4/28/1987 ;03.01.1998;1;28;113;1608 SMITHDALE RD;McComb;MS;39648;Supercenter
1026;3/31/1987 ;;;18;93;2649 WEST 16TH STREET;Bedford;IN;47421;Wal-Mart
1027;6/30/1987 ;7/16/2003 ;1;37;25;150 CONCORD COMMONS;Concord;NC;28027;Supercenter
1028;05.12.1987;03.01.1998;1;17;179;401 RIVER ROAD;East Peoria;IL;61611;Supercenter
1029;6/30/1987 ;;;12;17;3826 SOUTH SUNCOAST BLVD;Homosassa Springs;FL;34446;Wal-Mart
1030;03.03.1987;03.01.1999;1;45;57;805 HWY 9 BYPASS WEST;Lancaster;SC;29720;Supercenter
1031;08.04.1987;;;47;157;5000 AMERICAN WAY;Memphis;TN;38115;Wal-Mart
1032;4/28/1987 ;;;12;5;513 WEST 23RD STREET;Panama City;FL;32405;Wal-Mart
1033;6/16/1987 ;03.01.1996;1;18;71;1600 EAST TIPTON;Seymour;IN;47274;Supercenter
1034;6/30/1987 ;03.01.1999;1;37;45;705 EAST DIXON BLVD.;Shelby;NC;28150;Supercenter
1035;08.04.1987;8/20/2003 ;1;45;83;141 DORMAN CENTRE DRIVE;Spartanburg;SC;29301;Supercenter
1036;03.03.1987;03.01.2000;1;37;161;197 PLAZA DRIVE;Forest City;NC;28043;Supercenter
1037;4/28/1987 ;10.09.2002;1;45;15;1317 NORTH MAIN STREET;Summerville;SC;29483;Supercenter
1038;03.03.1987;;;27;161;2103 STATE ST. N;Waseca;MN;56093;Wal-Mart
1039;06.02.1987;03.01.1997;1;37;171;2241 ROCKFORD ST;Mount Airy;NC;27030;Supercenter
1040;08.04.1987;3/19/2003 ;1;48;201;15955 FM 529 ROAD;Houston;TX;77095;Supercenter
1041;05.12.1987;5/18/2005 ;1;48;215;1310 NORTH TEXAS BLVD;Weslaco;TX;78596;Supercenter
1042;05.12.1987;03.01.1995;1;48;21;488 HWY 71 WEST;Bastrop;TX;78602;Supercenter
1043;09.01.1987;;;40;49;1340 WEST GRANT;Pauls Valley;OK;73075;Wal-Mart
1044;6/16/1987 ;;;48;423;3900 TROUP HWY;Tyler;TX;75703;Wal-Mart
1045;7/14/1987 ;;;8;13;300 WANEKA PARKWAY;Lafayette;CO;80026;Wal-Mart
1046;05.12.1987;;;48;127;2214 N. FIRST STREET;Carrizo Springs;TX;78834;Wal-Mart
1047;09.01.1987;5/14/2003 ;1;13;63;6065 JONESBORO ROAD;Morrow;GA;30260;Supercenter
1048;7/14/1987 ;03.01.1999;1;21;235;589 HWY WEST 92;Williamsburg;KY;40769;Supercenter
1050;1/13/1987 ;;;48;115;2406 LUBBOCK;Lamesa;TX;79331;Wal-Mart
1051;1/13/1987 ;4/14/2004 ;1;48;219;407 EAST HWY 114;Levelland;TX;79336;Supercenter
1052;02.03.1987;03.01.1999;1;1;57;3186 HWY 171 NORTH;Fayette;AL;35555;Supercenter
1053;02.03.1987;09.10.2003;1;21;185;1015 NEW MOODY LANE;La Grange;KY;40031;Supercenter
1054;02.03.1987;3/17/2004 ;1;20;5;1920 SOUTH US 73;Atchison;KS;66002;Supercenter
1055;09.01.1987;5/15/2002 ;1;48;113;5302 NO. GARLAND AVE.;Garland;TX;75044;Supercenter
1056;02.03.1987;3/17/2004 ;1;40;87;3300 NORTH TRI-CITY DRIVE;Newcastle;OK;73065;Supercenter
1057;02.03.1987;;;1;51;1300 GILMER AVE;Tallassee;AL;36078;Wal-Mart
1058;7/14/1987 ;03.01.1998;1;8;85;16750 SOUTH TOWNSEND;Montrose;CO;81401;Supercenter
1059;10.01.1987;;;28;123;921 HWY 35 SOUTH;Forest;MS;39074;Wal-Mart
1060;10/20/1987 ;;;37;23;1227 BURKEMONT AVENUE;Morganton;NC;28655;Wal-Mart
1061;09.01.1987;1/26/2005 ;1;13;161;136 EAST JARMAN ST.;Hazlehurst;GA;31539;Supercenter
1062;10.01.1987;03.01.2002;1;48;201;150 W. EL DORADO BLVD;Webster;TX;77546;Supercenter
1063;09.01.1987;;;1;61;1608 W. MAGNOLIA AVE.;Geneva;AL;36340;Wal-Mart
1064;08.04.1987;;;37;27;845-R BLOWING ROCK BLVD;Lenoir;NC;28645;Wal-Mart
1065;8/18/1987 ;4/18/2001 ;1;5;57;2400 N HERVEY ST;Hope;AR;71801;Supercenter
1066;10.01.1987;10/16/2002 ;1;28;59;4253 DENNY AVE.;Pascagoula;MS;39581;Supercenter
1067;6/30/1987 ;;;48;285;1506 NORTH TEXANA;Hallettsville;TX;77964;Wal-Mart
1068;10/20/1987 ;03.01.1995;1;12;61;2001 US HIGHWAY #1;Sebastian;FL;32958;Supercenter
1069;08.04.1987;1/28/2004 ;1;28;101;231 EASTSIDE DRIVE;Newton;MS;39345;Supercenter
1070;4/28/1987 ;3/19/2003 ;1;13;123;88 HIGHLAND CROSSING;East Ellijay;GA;30539;Supercenter
1071;10.01.1987;;;17;119;1501 VAUGHN;Wood River;IL;62095;Wal-Mart
1072;8/18/1987 ;03.01.2002;1;13;277;1830 US HWY 82 WEST;Tifton;GA;31794;Supercenter
1073;4/28/1987 ;3/17/2004 ;1;48;281;1710 CENTRAL TEXAS EXPRESSWAY;Lampasas;TX;76550;Supercenter
1074;11/17/1987 ;03.01.1995;1;28;43;1655 SUNSET DRIVE;Grenada;MS;38901;Supercenter
1075;06.02.1987;03.01.1995;1;47;125;1680 FT CAMPBELL BLVD;Clarksville;TN;37042;Supercenter
1076;4/28/1987 ;03.01.2000;1;13;21;1401 GRAY HIGHWAY;Macon;GA;31211;Supercenter
1077;8/18/1987 ;03.01.1997;1;12;73;3535 APALACHEE PKWY;Tallahassee;FL;32311;Supercenter
1078;6/30/1987 ;;;48;399;2305 HWY 67 WEST;Ballinger;TX;76821;Wal-Mart
1079;10.01.1987;;;12;127;1998 STATE RD. #44;New Smyrna Beach;FL;32168;Wal-Mart
1080;10/20/1987 ;03.01.1995;1;47;179;3111 BROWNS MILL RD;Johnson City;TN;37604;Supercenter
1081;09.01.1987;;;12;1;3570 SOUTHWEST ARCHER RD;Gainesville;FL;32608;Wal-Mart
1082;11/17/1987 ;;;12;31;10991-1 SAN JOSE BLVD.;Jacksonville;FL;32223;Wal-Mart
1083;6/30/1988 ;04.10.2002;1;12;31;6830 NORMANDY BLVD;Jacksonville;FL;32205;Supercenter
1084;12/31/1987 ;;;12;95;3838 S SEMARON BLVD;Orlando;FL;32822;Wal-Mart
1085;09.01.1987;3/14/2001 ;1;12;101;8701 US HWY 19;Port Richey;FL;34668;Supercenter
1086;10/20/1987 ;03.01.1996;1;12;97;4400 13TH ST.;Saint Cloud;FL;34769;Supercenter
